bc_id,bc_type,bc_modif1,bc_modif2,bc_temp,bc_time,bc_rate,bc_oc,bc_ssa,bc_idig,bc_co,bc_loading,oxi_mw,oxi_srp,oxi_bde,oxi_pka,oxi_loading,op_mw,op_kow,op_pka,op_conc,ph,k
Swine bone,Bone,Pristine,Pristine,900,2,5,0.115697869,1024.34,3.31,42.16,0.1,192.11,2.08,92,-3.5,1,152.15,2,8.2,20,7,0.0225
Swine bone,Bone,Acid,Pristine,900,2,5,0.099868016,1201.63,2.55,57.7,0.1,192.11,2.08,92,-3.5,1,152.15,2,8.2,20,7,0.023
Wheat straw,Plant,Pristine,Pristine,700,2,5,0.157273464,15.52,2.64,85.28,0.1,192.11,2.08,92,-3.5,1,152.15,2,8.2,20,7,0.0001
Wheat straw,Plant,Acid,Pristine,700,2,5,0.096250822,143.19,2.55,63.33,0.1,192.11,2.08,92,-3.5,1,152.15,2,8.2,20,7,0.0025
Municipal sludge,Sludge,Pristine,Pristine,700,2,5,0.464128843,244.3,3.42,90.63,0.1,192.11,2.08,92,-3.5,1,152.15,2,8.2,20,7,0.005
Municipal sludge,Sludge,Acid,Pristine,700,2,5,0.172470395,387.02,3.39,49.64,0.1,192.11,2.08,92,-3.5,1,152.15,2,8.2,20,7,0.0084
Bovine bone,Bone,Acid,Pristine,700,2,5,0.374178806,88.68,0.74,91.08,0.3,192.11,2.08,92,-3.5,0.3,94.11,1.46,9.99,20,3,0.0217
Bovine bone,Bone,Acid,Pristine,700,2,5,0.374178806,88.68,0.74,91.08,0.3,192.11,2.08,92,-3.5,0.3,94.11,1.46,9.99,20,5,0.0138
Bovine bone,Bone,Acid,Pristine,700,2,5,0.374178806,88.68,0.74,91.08,0.3,192.11,2.08,92,-3.5,0.3,94.11,1.46,9.99,20,7,0.006
Bovine bone,Bone,Acid,Pristine,700,2,5,0.374178806,88.68,0.74,91.08,0.3,192.11,2.08,92,-3.5,0.3,94.11,1.46,9.99,20,11,0.0026
Bovine bone,Bone,Acid,Pristine,700,2,5,0.374178806,88.68,0.74,91.08,0.3,192.11,2.08,92,-3.5,0.3,94.11,1.46,9.99,20,3,0.01683
Bovine bone,Bone,Acid,Pristine,700,2,5,0.374178806,88.68,0.74,91.08,0.3,192.11,2.08,92,-3.5,0.3,94.11,1.46,9.99,20,3,0.01489
Bovine bone,Bone,Acid,Pristine,700,2,5,0.374178806,88.68,0.74,91.08,0.3,192.11,2.08,92,-3.5,0.3,94.11,1.46,9.99,20,3,0.01411
Bovine bone,Bone,Acid,Pristine,700,2,5,0.374178806,88.68,0.74,91.08,0.3,192.11,2.08,92,-3.5,0.3,94.11,1.46,9.99,20,3,0.01072
Bovine bone,Bone,Acid,Pristine,700,2,5,0.374178806,88.68,0.74,91.08,0.3,192.11,2.08,92,-3.5,0.3,94.11,1.46,9.99,20,3,0.00428
Bovine bone,Bone,Acid,Pristine,700,2,5,0.374178806,88.68,0.74,91.08,0.3,192.11,2.08,92,-3.5,0.3,94.11,1.46,9.99,20,3,0.00376
Bovine bone,Bone,Acid,Pristine,700,2,5,0.374178806,88.68,0.74,91.08,0.3,192.11,2.08,92,-3.5,0.3,94.11,1.46,9.99,20,3,0.03612
Bovine bone,Bone,Acid,Pristine,700,2,5,0.374178806,88.68,0.74,91.08,0.3,192.11,2.08,92,-3.5,0.3,94.11,1.46,9.99,20,3,0.02053
Bovine bone,Bone,Acid,Pristine,700,2,5,0.374178806,88.68,0.74,91.08,0.3,192.11,2.08,92,-3.5,0.3,94.11,1.46,9.99,20,3,0.02098
Sewage sudge,Sludge,Pristine,Pristine,500,2,5,1.808446456,3.8145,1.256367292,11.87,1,192.11,2.08,92,-3.5,0.76844,444.435,-1.19,3.3,10,5,0.01091
Straw,Plant,Pristine,Pristine,500,2,5,0.366867141,0.01209,0.89,5,5,192.11,2.08,92,-3.5,0.76844,444.435,-1.19,3.3,10,5,0.0083
Sewage sudge,Sludge,Pristine,Pristine,500,2,5,1.808446456,3.8145,1.256367292,11.87,1,192.11,2.08,92,-3.5,0.76844,444.435,-1.19,3.3,10,3,0.01061
Sewage sudge,Sludge,Pristine,Pristine,500,2,5,1.808446456,3.8145,1.256367292,11.87,1,192.11,2.08,92,-3.5,0.76844,444.435,-1.19,3.3,10,7,0.0102
Sewage sudge,Sludge,Pristine,Pristine,500,2,5,1.808446456,3.8145,1.256367292,11.87,1,192.11,2.08,92,-3.5,0.76844,444.435,-1.19,3.3,10,9,0.0088
Sewage sudge,Sludge,Pristine,Pristine,500,2,5,1.808446456,3.8145,1.256367292,11.87,1,192.11,2.08,92,-3.5,0.76844,444.435,-1.19,3.3,10,11,0.006
Sewage sudge,Sludge,Pristine,Pristine,500,2,5,1.808446456,3.8145,1.256367292,11.87,1,192.11,2.08,92,-3.5,0.76844,444.435,-1.19,3.3,10,5,0.0095
Sewage sudge,Sludge,Pristine,Pristine,500,2,5,1.808446456,3.8145,1.256367292,11.87,1,192.11,2.08,92,-3.5,0.76844,444.435,-1.19,3.3,10,5,0.0079
Sewage sudge,Sludge,Pristine,Pristine,500,2,5,1.808446456,3.8145,1.256367292,11.87,1,192.11,2.08,92,-3.5,0.76844,444.435,-1.19,3.3,10,5,0.009
FeBCG,Plant,Metal,Pristine,900,2,10,0.2375,102.2,0.969,30,0.5,192.11,2.08,92,-3.5,0.19211,228.29,3.32,9.6,20,7,0.28
FeBCG,Plant,Metal,Pristine,900,2,10,0.2375,102.2,0.969,30,0.5,192.11,2.08,92,-3.5,0.19211,228.29,3.32,9.6,20,3,0.125
FeBCG,Plant,Metal,Pristine,900,2,10,0.2375,102.2,0.969,30,0.5,192.11,2.08,92,-3.5,0.19211,228.29,3.32,9.6,20,5,0.07
FeBCG,Plant,Metal,Pristine,900,2,10,0.2375,102.2,0.969,30,0.5,192.11,2.08,92,-3.5,0.19211,228.29,3.32,9.6,20,9,0.05
FeBCG,Plant,Metal,Pristine,900,2,10,0.2375,102.2,0.969,30,0.5,192.11,2.08,92,-3.5,0.19211,228.29,3.32,9.6,20,11,0.015
FeBCG,Plant,Metal,Pristine,900,2,10,0.2375,102.2,0.969,30,0.5,192.11,2.08,92,-3.5,0.19211,228.29,3.32,9.6,20,7,0.11
FeBCG,Plant,Metal,Pristine,900,2,10,0.2375,102.2,0.969,30,0.5,192.11,2.08,92,-3.5,0.19211,228.29,3.32,9.6,20,7,0.105
FeBCG,Plant,Metal,Pristine,900,2,10,0.2375,102.2,0.969,30,0.5,192.11,2.08,92,-3.5,0.19211,228.29,3.32,9.6,20,7,0.13
FeBCG,Plant,Metal,Pristine,900,2,10,0.2375,102.2,0.969,30,0.5,192.11,2.08,92,-3.5,0.19211,228.29,3.32,9.6,20,7,0.1
paper mill sludge,Sludge,Pristine,Pristine,400,1.5,5,1.215,2.67,2.54690184,7.724110429,0.4,192.11,2.08,92,-3.5,0.96055,228.29,3.32,9.6,2.008952,7,0.001
paper mill sludge,Sludge,Pristine,Pristine,600,1.5,5,1.104166667,81.34,2.275613497,7.406809816,0.4,192.11,2.08,92,-3.5,0.96055,228.29,3.32,9.6,2.008952,7,0.019
paper mill sludge,Sludge,Pristine,Pristine,800,1.5,5,0.592270284,141.13,2.06,7.02,0.4,192.11,2.08,92,-3.5,0.96055,228.29,3.32,9.6,2.008952,7,0.064
paper mill sludge,Sludge,Pristine,Pristine,950,1.5,5,0.443462898,163.35,1.73,6.94,0.4,192.11,2.08,92,-3.5,0.96055,228.29,3.32,9.6,2.008952,7,0.085
paper mill sludge,Sludge,Pristine,Pristine,1500,1.5,5,0.377858517,79.31,1.07,5.96,0.4,192.11,2.08,92,-3.5,0.96055,228.29,3.32,9.6,2.008952,7,0.068
paper mill sludge,Sludge,Pristine,Pristine,950,1.5,5,0.443462898,163.35,1.73,6.94,0.4,192.11,2.08,92,-3.5,0.96055,228.29,3.32,9.6,2.008952,3,0.043
paper mill sludge,Sludge,Pristine,Pristine,950,1.5,5,0.443462898,163.35,1.73,6.94,0.4,192.11,2.08,92,-3.5,0.96055,228.29,3.32,9.6,2.008952,5,0.065
paper mill sludge,Sludge,Pristine,Pristine,950,1.5,5,0.443462898,163.35,1.73,6.94,0.4,192.11,2.08,92,-3.5,0.96055,228.29,3.32,9.6,2.008952,7.4,0.069
paper mill sludge,Sludge,Pristine,Pristine,950,1.5,5,0.443462898,163.35,1.73,6.94,0.4,192.11,2.08,92,-3.5,0.96055,228.29,3.32,9.6,2.008952,9,0.063
paper mill sludge,Sludge,Pristine,Pristine,950,1.5,5,0.443462898,163.35,1.73,6.94,0.4,192.11,2.08,92,-3.5,0.96055,228.29,3.32,9.6,2.008952,9.7,0.086
paper mill sludge,Sludge,Pristine,Pristine,950,1.5,5,0.443462898,163.35,1.73,6.94,0.4,192.11,2.08,92,-3.5,0.96055,228.29,3.32,9.6,2.008952,10.7,0.087
paper mill sludge,Sludge,Pristine,Pristine,950,1.5,5,0.443462898,163.35,1.73,6.94,0.4,192.11,2.08,92,-3.5,0.96055,228.29,3.32,9.6,2.008952,11.2,0.074
paper mill sludge,Sludge,Pristine,Pristine,950,1.5,5,0.443462898,163.35,1.73,6.94,0.1,192.11,2.08,92,-3.5,0.96055,228.29,3.32,9.6,2.008952,7,0.0066
paper mill sludge,Sludge,Pristine,Pristine,950,1.5,5,0.443462898,163.35,1.73,6.94,0.2,192.11,2.08,92,-3.5,0.96055,228.29,3.32,9.6,2.008952,7,0.0128
paper mill sludge,Sludge,Pristine,Pristine,950,1.5,5,0.443462898,163.35,1.73,6.94,0.3,192.11,2.08,92,-3.5,0.96055,228.29,3.32,9.6,2.008952,7,0.0222
paper mill sludge,Sludge,Pristine,Pristine,950,1.5,5,0.443462898,163.35,1.73,6.94,0.5,192.11,2.08,92,-3.5,0.96055,228.29,3.32,9.6,2.008952,7,0.1048
paper mill sludge,Sludge,Pristine,Pristine,950,1.5,5,0.443462898,163.35,1.73,6.94,0.6,192.11,2.08,92,-3.5,0.96055,228.29,3.32,9.6,2.008952,7,0.1067
paper mill sludge,Sludge,Pristine,Pristine,950,1.5,5,0.443462898,163.35,1.73,6.94,0.6,192.11,2.08,92,-3.5,0.096055,228.29,3.32,9.6,2.008952,7,0.008
paper mill sludge,Sludge,Pristine,Pristine,950,1.5,5,0.443462898,163.35,1.73,6.94,0.6,192.11,2.08,92,-3.5,0.19211,228.29,3.32,9.6,2.008952,7,0.0086
paper mill sludge,Sludge,Pristine,Pristine,950,1.5,5,0.443462898,163.35,1.73,6.94,0.6,192.11,2.08,92,-3.5,0.57633,228.29,3.32,9.6,2.008952,7,0.0181
paper mill sludge,Sludge,Pristine,Pristine,950,1.5,5,0.443462898,163.35,1.73,6.94,0.6,192.11,2.08,92,-3.5,0.864495,228.29,3.32,9.6,2.008952,7,0.0316
paper mill sludge,Sludge,Pristine,Pristine,950,1.5,5,0.443462898,163.35,1.73,6.94,0.6,192.11,2.08,92,-3.5,1.34477,228.29,3.32,9.6,2.008952,7,0.0213
paper mill sludge,Sludge,Pristine,Pristine,950,1.5,5,0.443462898,163.35,1.73,6.94,0.6,192.11,2.08,92,-3.5,1.72899,228.29,3.32,9.6,2.008952,7,0.0183
Sewage sudge,Sludge,Pristine,Pristine,800,2,5,1.51815,204.028,2.51,79.1,0.8,192.11,2.08,92,-3.5,0.096055,163,3.17,7.89,50,6.26,0.291
Sewage sudge,Sludge,Pristine,Pristine,800,2,5,1.51815,204.028,2.51,79.1,0.4,192.11,2.08,92,-3.5,0.096055,163,3.17,7.89,50,6.26,0.05
Sewage sudge,Sludge,Pristine,Pristine,800,2,5,1.51815,204.028,2.51,79.1,0.6,192.11,2.08,92,-3.5,0.096055,163,3.17,7.89,50,6.26,0.19
Sewage sudge,Sludge,Pristine,Pristine,800,2,5,1.51815,204.028,2.51,79.1,1,192.11,2.08,92,-3.5,0.096055,163,3.17,7.89,50,6.26,0.33
Sewage sudge,Sludge,Pristine,Pristine,800,2,5,1.51815,204.028,2.51,79.1,0.8,192.11,2.08,92,-3.5,0.019211,163,3.17,7.89,50,6.26,0.06
Sewage sudge,Sludge,Pristine,Pristine,800,2,5,1.51815,204.028,2.51,79.1,0.8,192.11,2.08,92,-3.5,0.0480275,163,3.17,7.89,50,6.26,0.12
Sewage sudge,Sludge,Pristine,Pristine,800,2,5,1.51815,204.028,2.51,79.1,0.8,192.11,2.08,92,-3.5,0.1440825,163,3.17,7.89,50,6.26,0.24
Sewage sudge,Sludge,Pristine,Pristine,800,2,5,1.51815,204.028,2.51,79.1,0.8,192.11,2.08,92,-3.5,0.19211,163,3.17,7.89,50,6.26,0.05
Sewage sudge,Sludge,Pristine,Pristine,800,2,5,1.51815,204.028,2.51,79.1,0.8,192.11,2.08,92,-3.5,0.19211,163,3.17,7.89,50,3,0.37
Sewage sudge,Sludge,Pristine,Pristine,800,2,5,1.51815,204.028,2.51,79.1,0.8,192.11,2.08,92,-3.5,0.19211,163,3.17,7.89,50,5,0.29
Sewage sudge,Sludge,Pristine,Pristine,800,2,5,1.51815,204.028,2.51,79.1,0.8,192.11,2.08,92,-3.5,0.19211,163,3.17,7.89,50,7,0.27
Sewage sudge,Sludge,Pristine,Pristine,800,2,5,1.51815,204.028,2.51,79.1,0.8,192.11,2.08,92,-3.5,0.19211,163,3.17,7.89,50,9,0.24
Sewage sudge,Sludge,Pristine,Pristine,800,2,5,1.51815,204.028,2.51,79.1,0.8,192.11,2.08,92,-3.5,0.19211,163,3.17,7.89,50,11,0.18
Sewage sudge,Sludge,Pristine,Pristine,800,4,5,2.545274812,38,1.013763441,8.01,0.5,192.11,2.08,92,-3.5,0.96055,94.11,1.46,9.99,50,6.8,0.002
Sewage sudge,Sludge,Acid,Pristine,800,4,5,0.910157068,118,1.4868,16.2,0.5,192.11,2.08,92,-3.5,0.96055,94.11,1.46,9.99,50,6.8,0.019
corn stalk,Plant,Pristine,Pristine,900,2,10,0.054175331,207,0.68,2.08,1,192.11,2.08,92,-3.5,0.19211,163,3.17,7.89,100,7,0.001
corn stalk,Plant,Pristine,Pristine,900,2,10,0.054175331,207,0.68,2.08,1,192.11,2.08,92,-3.5,0.019211,163,3.17,7.89,100,7,0.021
corn stalk,Plant,Pristine,Pristine,900,2,10,0.054175331,207,0.68,2.08,1,192.11,2.08,92,-3.5,0.096055,163,3.17,7.89,100,7,0.078
corn stalk,Plant,Pristine,Pristine,900,2,10,0.054175331,207,0.68,2.08,1,192.11,2.08,92,-3.5,0.96055,163,3.17,7.89,100,7,0.09
corn stalk,Plant,Pristine,Pristine,900,2,10,0.054175331,207,0.68,2.08,1,192.11,2.08,92,-3.5,1.9211,163,3.17,7.89,100,7,0.081
corn stalk,Plant,Pristine,Pristine,900,2,10,0.054175331,207,0.68,2.08,1,192.11,2.08,92,-3.5,3.8422,163,3.17,7.89,100,7,0.08
poplar flour ,Plant,Pristine,Pristine,600,3,5,0.285522788,138.25,1.19,1.225,0.05,152.2,1.82,377,9.3,0.1522,296.148,4.02,4.15,2.96148,3.5,0.0045
poplar flour ,Plant,Pristine,Pristine,800,3,5,0.277188329,270.88,1.34,13.3,0.05,152.2,1.82,377,9.3,0.1522,296.148,4.02,4.15,2.96148,3.5,0.0046
poplar flour ,Plant,Pristine,Pristine,900,3,5,0.201743462,328.74,1.38,11.1,0.05,152.2,1.82,377,9.3,0.1522,296.148,4.02,4.15,2.96148,3.5,0.0093
poplar flour ,Plant,Pristine,Pristine,1000,3,5,0.182732111,443.69,1.45,8.9,0.05,152.2,1.82,377,9.3,0.1522,296.148,4.02,4.15,2.96148,3.5,0.054
poplar flour ,Plant,Pristine,Pristine,1000,3,5,0.182732111,443.69,1.45,8.9,0.01,152.2,1.82,377,9.3,0.1522,296.148,4.02,4.15,2.96148,3.5,0.0091
poplar flour ,Plant,Pristine,Pristine,1000,3,5,0.182732111,443.69,1.45,8.9,0.03,152.2,1.82,377,9.3,0.1522,296.148,4.02,4.15,2.96148,3.5,0.0152
poplar flour ,Plant,Pristine,Pristine,1000,3,5,0.182732111,443.69,1.45,8.9,0.1,152.2,1.82,377,9.3,0.1522,296.148,4.02,4.15,2.96148,3.5,0.0269
poplar flour ,Plant,Pristine,Pristine,1000,3,5,0.182732111,443.69,1.45,8.9,0.2,152.2,1.82,377,9.3,0.1522,296.148,4.02,4.15,2.96148,3.5,0.0397
poplar flour ,Plant,Pristine,Pristine,1000,3,5,0.182732111,443.69,1.45,8.9,0.05,152.2,1.82,377,9.3,0.0761,296.148,4.02,4.15,2.96148,3.5,0.0291
poplar flour ,Plant,Pristine,Pristine,1000,3,5,0.182732111,443.69,1.45,8.9,0.05,152.2,1.82,377,9.3,0.3044,296.148,4.02,4.15,2.96148,3.5,0.0396
poplar flour ,Plant,Pristine,Pristine,1000,3,5,0.182732111,443.69,1.45,8.9,0.05,152.2,1.82,377,9.3,0.4566,296.148,4.02,4.15,2.96148,3.5,0.0398
poplar flour ,Plant,Pristine,Pristine,1000,3,5,0.182732111,443.69,1.45,8.9,0.05,152.2,1.82,377,9.3,0.1522,296.148,4.02,4.15,2.369184,3.5,0.0444
poplar flour ,Plant,Pristine,Pristine,1000,3,5,0.182732111,443.69,1.45,8.9,0.05,152.2,1.82,377,9.3,0.1522,296.148,4.02,4.15,4.44222,3.5,0.0262
poplar flour ,Plant,Pristine,Pristine,1000,3,5,0.182732111,443.69,1.45,8.9,0.05,152.2,1.82,377,9.3,0.1522,296.148,4.02,4.15,5.92296,3.5,0.0164
poplar flour ,Plant,Pristine,Pristine,1000,3,5,0.182732111,443.69,1.45,8.9,0.05,152.2,1.82,377,9.3,0.1522,296.148,4.02,4.15,7.4037,3.5,0.0138
poplar flour ,Plant,Pristine,Pristine,1000,3,5,0.182732111,443.69,1.45,8.9,0.05,152.2,1.82,377,9.3,0.1522,296.148,4.02,4.15,2.96148,2.45,0.0644
poplar flour ,Plant,Pristine,Pristine,1000,3,5,0.182732111,443.69,1.45,8.9,0.05,152.2,1.82,377,9.3,0.1522,296.148,4.02,4.15,2.96148,4,0.064
poplar flour ,Plant,Pristine,Pristine,1000,3,5,0.182732111,443.69,1.45,8.9,0.05,152.2,1.82,377,9.3,0.1522,296.148,4.02,4.15,2.96148,6.96,0.062
poplar flour ,Plant,Pristine,Pristine,1000,3,5,0.182732111,443.69,1.45,8.9,0.05,152.2,1.82,377,9.3,0.1522,296.148,4.02,4.15,2.96148,9.27,0.0423
poplar flour ,Plant,Pristine,Pristine,1000,3,5,0.182732111,443.69,1.45,8.9,0.05,152.2,1.82,377,9.3,0.1522,296.148,4.02,4.15,2.96148,10.99,0.0216
walnut shell flour,Plant,Pristine,Pristine,600,3,5,0.088662132,96.17,1.26,1.251666667,0.05,152.2,1.82,377,9.3,0.1522,296.148,4.02,4.15,2.96148,3.5,0.004
walnut shell flour,Plant,Pristine,Pristine,800,3,5,0.04824,192.56,1.37,6.3,0.05,152.2,1.82,377,9.3,0.1522,296.148,4.02,4.15,2.96148,3.5,0.0044
walnut shell flour,Plant,Pristine,Pristine,900,3,5,0.028028933,262.73,1.47,4.55,0.05,152.2,1.82,377,9.3,0.1522,296.148,4.02,4.15,2.96148,3.5,0.0046
walnut shell flour,Plant,Pristine,Pristine,1000,3,5,0.145606599,335.81,1.5,2.8,0.05,152.2,1.82,377,9.3,0.1522,296.148,4.02,4.15,2.96148,3.5,0.005
walnut shell flour,Plant,Pristine,Pristine,1000,3,5,0.145606599,335.81,1.5,2.8,0.01,152.2,1.82,377,9.3,0.1522,296.148,4.02,4.15,2.96148,3.5,0.0027
walnut shell flour,Plant,Pristine,Pristine,1000,3,5,0.145606599,335.81,1.5,2.8,0.03,152.2,1.82,377,9.3,0.1522,296.148,4.02,4.15,2.96148,3.5,0.0069
walnut shell flour,Plant,Pristine,Pristine,1000,3,5,0.145606599,335.81,1.5,2.8,0.1,152.2,1.82,377,9.3,0.1522,296.148,4.02,4.15,2.96148,3.5,0.0148
walnut shell flour,Plant,Pristine,Pristine,1000,3,5,0.145606599,335.81,1.5,2.8,0.05,152.2,1.82,377,9.3,0.0761,296.148,4.02,4.15,2.96148,3.5,0.0077
walnut shell flour,Plant,Pristine,Pristine,1000,3,5,0.145606599,335.81,1.5,2.8,0.05,152.2,1.82,377,9.3,0.3044,296.148,4.02,4.15,2.96148,3.5,0.014
walnut shell flour,Plant,Pristine,Pristine,1000,3,5,0.145606599,335.81,1.5,2.8,0.05,152.2,1.82,377,9.3,0.4566,296.148,4.02,4.15,2.96148,3.5,0.0141
walnut shell flour,Plant,Pristine,Pristine,1000,3,5,0.145606599,335.81,1.5,2.8,0.05,152.2,1.82,377,9.3,0.1522,296.148,4.02,4.15,2.369184,3.5,0.0105
walnut shell flour,Plant,Pristine,Pristine,1000,3,5,0.145606599,335.81,1.5,2.8,0.05,152.2,1.82,377,9.3,0.1522,296.148,4.02,4.15,4.44222,3.5,0.009
walnut shell flour,Plant,Pristine,Pristine,1000,3,5,0.145606599,335.81,1.5,2.8,0.05,152.2,1.82,377,9.3,0.1522,296.148,4.02,4.15,5.92296,3.5,0.008
walnut shell flour,Plant,Pristine,Pristine,1000,3,5,0.145606599,335.81,1.5,2.8,0.05,152.2,1.82,377,9.3,0.1522,296.148,4.02,4.15,7.4037,3.5,0.0042
walnut shell flour,Plant,Pristine,Pristine,1000,3,5,0.145606599,335.81,1.5,2.8,0.05,152.2,1.82,377,9.3,0.1522,296.148,4.02,4.15,2.96148,2.45,0.0062
walnut shell flour,Plant,Pristine,Pristine,1000,3,5,0.145606599,335.81,1.5,2.8,0.05,152.2,1.82,377,9.3,0.1522,296.148,4.02,4.15,2.96148,4,0.0061
walnut shell flour,Plant,Pristine,Pristine,1000,3,5,0.145606599,335.81,1.5,2.8,0.05,152.2,1.82,377,9.3,0.1522,296.148,4.02,4.15,2.96148,6.96,0.0115
walnut shell flour,Plant,Pristine,Pristine,1000,3,5,0.145606599,335.81,1.5,2.8,0.05,152.2,1.82,377,9.3,0.1522,296.148,4.02,4.15,2.96148,9.27,0.0059
walnut shell flour,Plant,Pristine,Pristine,1000,3,5,0.145606599,335.81,1.5,2.8,0.05,152.2,1.82,377,9.3,0.1522,296.148,4.02,4.15,2.96148,10.99,0.003
cornstalk,Plant,Pristine,Pristine,900,2,5,0.120390332,207,0.68,2.08,0.1,152.2,1.82,377,9.3,0.1522,163,3.17,7.89,100,7,0.0018
N doped cornstalk,Plant,Heteroatom,Pristine,900,2,5,0.043149215,1357,1.14,1.69,0.1,152.2,1.82,377,9.3,0.1522,163,3.17,7.89,100,7,0.1948
sludge biochar,Sludge,Pristine,Pristine,800,2,10,0.398989899,124.56,2.51,38.9,2,192.11,2.08,92,-3.5,0.19211,359.401,0.83,6.3,20,7,0.051
N doped sludge biochar,Sludge,Heteroatom,Pristine,800,2,10,0.264385692,135.38,2.51,36.8,2,192.11,2.08,92,-3.5,0.19211,359.401,0.83,6.3,20,7,0.505
N doped sludge biochar,Sludge,Heteroatom,Pristine,800,2,10,0.264385692,135.38,2.51,36.8,2,192.11,2.08,92,-3.5,0.19211,331.346,0.83,6.3,20,7,0.125
N doped sludge biochar,Sludge,Heteroatom,Pristine,800,2,10,0.264385692,135.38,2.51,36.8,2,192.11,2.08,92,-3.5,0.19211,361.368,0.83,6.3,20,7,0.283
N doped sludge biochar,Sludge,Heteroatom,Pristine,800,2,10,0.264385692,135.38,2.51,36.8,2,192.11,2.08,92,-3.5,0.19211,319.331,0.83,6.3,20,7,0.155
N doped sludge biochar,Sludge,Heteroatom,Pristine,800,2,10,0.264385692,135.38,2.51,36.8,2,192.11,2.08,92,-3.5,0.19211,369.34,0.83,6.3,20,7,0.185
N doped sludge biochar,Sludge,Heteroatom,Pristine,800,2,10,0.264385692,135.38,2.51,36.8,2,192.11,2.08,92,-3.5,0.19211,361.368,0.83,6.3,20,7,0.33
N doped sludge biochar,Sludge,Heteroatom,Pristine,801,2,10,0.264385692,135.38,2.51,36.8,2,192.11,2.08,92,-3.5,0.19211,362.36,0.83,6.3,20,7,0.205
Aerobic sludge biochar,Sludge,Pristine,Pristine,300,2,10,0.82,51.4,0.71,7,1,192.11,2.08,92,-3.5,0.19211,228.29,3.32,9.6,50,5.8,0.0095
Aerobic sludge biochar,Sludge,Pristine,Pristine,500,2,10,0.84,61.5,0.47,9.2,1,192.11,2.08,92,-3.5,0.19211,228.29,3.32,9.6,50,5.8,0.0518
Aerobic sludge biochar,Sludge,Pristine,Pristine,600,2,10,0.39673913,37.18,0.396666667,6.4,6.4,192.11,2.08,92,-3.5,0.19211,228.29,3.32,9.6,50,5.8,0.0611
Aerobic sludge biochar,Sludge,Pristine,Pristine,700,2,10,0.52,46,0.31,6.2,1,192.11,2.08,92,-3.5,0.19211,228.29,3.32,9.6,50,5.8,0.0896
Anaerobic sludge biochar,Sludge,Pristine,Pristine,300,2,10,0.65,35.6,0.56,7,1,192.11,2.08,92,-3.5,0.19211,228.29,3.32,9.6,50,5.8,0.0054
Anaerobic sludge biochar,Sludge,Pristine,Pristine,500,2,10,0.48,55.6,0.55,9.2,1,192.11,2.08,92,-3.5,0.19211,228.29,3.32,9.6,50,5.8,0.0296
Anaerobic sludge biochar,Sludge,Pristine,Pristine,600,2,10,0.39673913,37.18,0.545,6.4,1,192.11,2.08,92,-3.5,0.19211,228.29,3.32,9.6,50,5.8,0.0344
Anaerobic sludge biochar,Sludge,Pristine,Pristine,700,2,10,0.29,31.6,0.4,6.2,1,192.11,2.08,92,-3.5,0.19211,228.29,3.32,9.6,50,5.8,0.0526
Aerobic sludge biochar,Sludge,Pristine,Pristine,700,2,10,0.52,46,0.31,6.4,1,192.11,2.08,92,-3.5,0.19211,228.29,3.32,9.6,50,3,0.0934
Aerobic sludge biochar,Sludge,Pristine,Pristine,700,2,10,0.52,46,0.31,6.4,1,192.11,2.08,92,-3.5,0.19211,228.29,3.32,9.6,50,5,0.0997
Aerobic sludge biochar,Sludge,Pristine,Pristine,700,2,10,0.52,46,0.31,6.4,1,192.11,2.08,92,-3.5,0.19211,228.29,3.32,9.6,50,7,0.0972
Aerobic sludge biochar,Sludge,Pristine,Pristine,700,2,10,0.52,46,0.31,6.4,1,192.11,2.08,92,-3.5,0.19211,228.29,3.32,9.6,50,9,0.0728
Aerobic sludge biochar,Sludge,Pristine,Pristine,700,2,10,0.52,46,0.31,6.4,1,192.11,2.08,92,-3.5,0.19211,228.29,3.32,9.6,50,5.8,0.072
Aerobic sludge biochar,Sludge,Pristine,Pristine,700,2,10,0.52,46,0.31,6.4,1,192.11,2.08,92,-3.5,0.19211,228.29,3.32,9.6,50,5.8,0.1028
Aerobic sludge biochar,Sludge,Pristine,Pristine,700,2,10,0.52,46,0.31,6.4,1,192.11,2.08,92,-3.5,0.19211,228.29,3.32,9.6,50,5.8,0.1105
Aerobic sludge biochar,Sludge,Pristine,Pristine,700,2,10,0.52,46,0.31,6.4,1,192.11,2.08,92,-3.5,0.19211,228.29,3.32,9.6,50,5.8,0.0846
Aerobic sludge biochar,Sludge,Pristine,Pristine,700,2,10,0.52,46,0.31,6.4,1,192.11,2.08,92,-3.5,0.038422,228.29,3.32,9.6,50,5.8,0.0228
Aerobic sludge biochar,Sludge,Pristine,Pristine,700,2,10,0.52,46,0.31,6.4,1,192.11,2.08,92,-3.5,0.096055,228.29,3.32,9.6,50,5.8,0.1403
Aerobic sludge biochar,Sludge,Pristine,Pristine,700,2,10,0.52,46,0.31,6.4,1,192.11,2.08,92,-3.5,0.96055,228.29,3.32,9.6,50,5.8,0.0776
Anaerobic sludge biochar,Sludge,Pristine,Pristine,700,2,10,0.29,31.6,0.4,6.2,1,192.11,2.08,92,-3.5,0.019211,228.29,3.32,9.6,50,5.8,0.0181
Anaerobic sludge biochar,Sludge,Pristine,Pristine,700,2,10,0.29,31.6,0.4,6.2,1,192.11,2.08,92,-3.5,0.038422,228.29,3.32,9.6,50,5.8,0.1404
Anaerobic sludge biochar,Sludge,Pristine,Pristine,700,2,10,0.29,31.6,0.4,6.2,1,192.11,2.08,92,-3.5,0.96055,228.29,3.32,9.6,50,5.8,0.0488
Aerobic sludge biochar,Sludge,Pristine,Pristine,700,2,10,0.52,46,0.31,6.4,0.5,192.11,2.08,92,-3.5,0.19211,228.29,3.32,9.6,50,5.8,0.0256
Aerobic sludge biochar,Sludge,Pristine,Pristine,700,2,10,0.52,46,0.31,6.4,2,192.11,2.08,92,-3.5,0.19211,228.29,3.32,9.6,50,5.8,0.1339
Anaerobic sludge biochar,Sludge,Pristine,Pristine,700,2,10,0.29,31.6,0.4,6.2,0.5,192.11,2.08,92,-3.5,0.19211,228.29,3.32,9.6,50,5.8,0.027
Anaerobic sludge biochar,Sludge,Pristine,Pristine,700,2,10,0.29,31.6,0.4,6.2,2,192.11,2.08,92,-3.5,0.19211,228.29,3.32,9.6,50,5.8,0.1377
Fe doped loofah sponges biochar,Plant,Metal,Pristine,800,1,10,0.131968585,150.4,1.18,22,0.005,152.2,1.82,377,9.3,0.01522,236.269,2.35,13.94,2,6.7,0.018
Fe doped loofah sponges biochar,Plant,Metal,Pristine,800,1,10,0.131968585,150.4,1.18,22,0.005,152.2,1.82,377,9.3,0.01522,236.269,2.35,13.94,2,3,0.1298
Fe doped loofah sponges biochar,Plant,Metal,Pristine,800,1,10,0.131968585,150.4,1.18,22,0.005,152.2,1.82,377,9.3,0.01522,236.269,2.35,13.94,2,5,0.1056
Fe doped loofah sponges biochar,Plant,Metal,Pristine,800,1,10,0.131968585,150.4,1.18,22,0.005,152.2,1.82,377,9.3,0.01522,236.269,2.35,13.94,2,8,0.0685
Fe doped loofah sponges biochar,Plant,Metal,Pristine,800,1,10,0.131968585,150.4,1.18,22,0.005,152.2,1.82,377,9.3,0.01522,236.269,2.35,13.94,2,9,0.0262
Fe doped loofah sponges biochar,Plant,Metal,Pristine,800,1,10,0.131968585,150.4,1.18,22,0.001,152.2,1.82,377,9.3,0.01522,236.269,2.35,13.94,2,9,0.012
Fe doped loofah sponges biochar,Plant,Metal,Pristine,800,1,10,0.131968585,150.4,1.18,22,0.003,152.2,1.82,377,9.3,0.01522,236.269,2.35,13.94,2,9,0.0274
Fe doped loofah sponges biochar,Plant,Metal,Pristine,800,1,10,0.131968585,150.4,1.18,22,0.01,152.2,1.82,377,9.3,0.01522,236.269,2.35,13.94,2,9,0.1503
Fe doped loofah sponges biochar,Plant,Metal,Pristine,800,1,10,0.131968585,150.4,1.18,22,0.005,152.2,1.82,377,9.3,0.003044,236.269,2.35,13.94,2,9,0.0231
Fe doped loofah sponges biochar,Plant,Metal,Pristine,800,1,10,0.131968585,150.4,1.18,22,0.005,152.2,1.82,377,9.3,0.00761,236.269,2.35,13.94,2,9,0.0475
Fe doped loofah sponges biochar,Plant,Metal,Pristine,800,1,10,0.131968585,150.4,1.18,22,0.005,152.2,1.82,377,9.3,0.03044,236.269,2.35,13.94,2,9,0.0187
sludge biochar,Sludge,Pristine,Pristine,800,1,30,0.423913043,65.85,0.96,8.36,0.2,152.2,1.82,377,9.3,0.1522,228.29,3.32,9.6,22.829,6.8,0.0225
N doped sludge biochar,Sludge,Heteroatom,Pristine,800,1,30,0.853099174,28.8,0.72,15,0.2,152.2,1.82,377,9.3,0.1522,228.29,3.32,9.6,22.829,6.8,0.0292
B doped tea seed shells biochar,Plant,Heteroatom,Pristine,600,2,5,0.424095699,392.16,0.772,2.8,0.5,152.2,1.82,377,9.3,0.0761,460.434,-1.12,3.3,20,7.8,0.0847
B doped tea seed shells biochar,Plant,Heteroatom,Pristine,600,2,5,0.424095699,392.16,0.772,2.8,0.1,152.2,1.82,377,9.3,0.0761,460.434,-1.12,3.3,20,7.8,0.0301
B doped tea seed shells biochar,Plant,Heteroatom,Pristine,600,2,5,0.424095699,392.16,0.772,2.8,1,152.2,1.82,377,9.3,0.0761,460.434,-1.12,3.3,20,7.8,0.1048
B doped tea seed shells biochar,Plant,Heteroatom,Pristine,600,2,5,0.424095699,392.16,0.772,2.8,0.5,152.2,1.82,377,9.3,0.0761,460.434,-1.12,3.3,20,2,0.0352
B doped tea seed shells biochar,Plant,Heteroatom,Pristine,600,2,5,0.424095699,392.16,0.772,2.8,0.5,152.2,1.82,377,9.3,0.0761,460.434,-1.12,3.3,20,4,0.0387
B doped tea seed shells biochar,Plant,Heteroatom,Pristine,600,2,5,0.424095699,392.16,0.772,2.8,0.5,152.2,1.82,377,9.3,0.0761,460.434,-1.12,3.3,20,6,0.0632
B doped tea seed shells biochar,Plant,Heteroatom,Pristine,600,2,5,0.424095699,392.16,0.772,2.8,0.5,152.2,1.82,377,9.3,0.0761,460.434,-1.12,3.3,20,10,0.057
B doped tea seed shells biochar,Plant,Heteroatom,Pristine,600,2,5,0.424095699,392.16,0.772,2.8,0.5,152.2,1.82,377,9.3,0.0761,460.434,-1.12,3.3,20,12,0.0938
B doped tea seed shells biochar,Plant,Heteroatom,Pristine,600,2,5,0.424095699,392.16,0.772,2.8,0.5,152.2,1.82,377,9.3,0.01522,460.434,-1.12,3.3,20,7.8,0.0576
B doped tea seed shells biochar,Plant,Heteroatom,Pristine,600,2,5,0.424095699,392.16,0.772,2.8,0.5,152.2,1.82,377,9.3,0.04566,460.434,-1.12,3.3,20,7.8,0.0639
B doped tea seed shells biochar,Plant,Heteroatom,Pristine,600,2,5,0.424095699,392.16,0.772,2.8,0.5,152.2,1.82,377,9.3,0.1522,460.434,-1.12,3.3,20,7.8,0.0405
Fe bone biochar,Bone,Metal,Pristine,800,2,10,2.361702128,43.696,1.225,32.1,0.1,152.2,1.82,377,9.3,0.2,151.163,1.46,9.5,10,7,3.174
Fe bone biochar,Bone,Metal,Pristine,800,2,10,2.361702128,43.696,1.225,32.1,0.1,152.2,1.82,377,9.3,0.2,151.163,1.46,9.5,10,3,1.284
Fe bone biochar,Bone,Metal,Pristine,800,2,10,2.361702128,43.696,1.225,32.1,0.1,152.2,1.82,377,9.3,0.2,151.163,1.46,9.5,10,4,1.206
Fe bone biochar,Bone,Metal,Pristine,800,2,10,2.361702128,43.696,1.225,32.1,0.1,152.2,1.82,377,9.3,0.2,151.163,1.46,9.5,10,5,2.766
Fe bone biochar,Bone,Metal,Pristine,800,2,10,2.361702128,43.696,1.225,32.1,0.1,152.2,1.82,377,9.3,0.2,151.163,1.46,9.5,10,9,3.018
sludge biochar,Sludge,Pristine,Pristine,800,2,10,1.51815,95.85,2.51,8.36,1,152.2,1.82,377,9.3,0.24352,323.132,1.14,5.5,100.17092,2,0.0048
activated sludge biochar,Sludge,Acid,Pristine,800,2,10,0.50924,202.92,2.88,25.58,1,152.2,1.82,377,9.3,0.24352,323.132,1.14,5.5,100.17092,2,0.025
activated sludge biochar,Sludge,Acid,Pristine,800,2,10,0.50924,202.92,2.88,25.58,0.1,152.2,1.82,377,9.3,0.24352,323.132,1.14,5.5,100.17092,2,0.003
activated sludge biochar,Sludge,Acid,Pristine,800,2,10,0.50924,202.92,2.88,25.58,0.5,152.2,1.82,377,9.3,0.24352,323.132,1.14,5.5,100.17092,2,0.014
activated sludge biochar,Sludge,Acid,Pristine,800,2,10,0.50924,202.92,2.88,25.58,2,152.2,1.82,377,9.3,0.24352,323.132,1.14,5.5,100.17092,2,0.027
activated sludge biochar,Sludge,Acid,Pristine,800,2,10,0.50924,202.92,2.88,25.58,1,152.2,1.82,377,9.3,0.24352,323.132,1.14,5.5,100.17092,3,0.01
activated sludge biochar,Sludge,Acid,Pristine,800,2,10,0.50924,202.92,2.88,25.58,1,152.2,1.82,377,9.3,0.24352,323.132,1.14,5.5,100.17092,5,0.007
activated sludge biochar,Sludge,Acid,Pristine,800,2,10,0.50924,202.92,2.88,25.58,1,152.2,1.82,377,9.3,0.24352,323.132,1.14,5.5,100.17092,7,0.0049
activated sludge biochar,Sludge,Acid,Pristine,800,2,10,0.50924,202.92,2.88,25.58,1,152.2,1.82,377,9.3,0.24352,323.132,1.14,5.5,100.17092,9,0.015
activated sludge biochar,Sludge,Acid,Pristine,800,2,10,0.50924,202.92,2.88,25.58,1,152.2,1.82,377,9.3,0.47182,323.132,1.14,5.5,100.17092,2,0.009
activated sludge biochar,Sludge,Acid,Pristine,800,2,10,0.50924,202.92,2.88,25.58,1,152.2,1.82,377,9.3,0.94364,323.132,1.14,5.5,100.17092,2,0.025
activated sludge biochar,Sludge,Acid,Pristine,800,2,10,0.50924,202.92,2.88,25.58,1,152.2,1.82,377,9.3,1.40024,323.132,1.14,5.5,100.17092,2,0.023
sorghum biochar,Plant,Acid,Pristine,800,1,5,0.16520979,178.43,1.0429,3.37,0.6,192.11,2.08,92,-3.5,0.38422,534.3,-10.17,9.4,10,6.3,0.2131
sorghum biochar,Plant,Acid,Pristine,800,1,5,0.16520979,178.43,1.0429,3.37,0.6,192.11,2.08,92,-3.5,0.096055,534.3,-10.17,9.4,10,6.3,0.0193
sorghum biochar,Plant,Acid,Pristine,800,1,5,0.16520979,178.43,1.0429,3.37,0.6,192.11,2.08,92,-3.5,0.19211,534.3,-10.17,9.4,10,6.3,0.0697
sorghum biochar,Plant,Acid,Pristine,800,1,5,0.16520979,178.43,1.0429,3.37,0.6,192.11,2.08,92,-3.5,0.57633,534.3,-10.17,9.4,10,6.3,0.3795
sorghum biochar,Plant,Acid,Pristine,800,1,5,0.16520979,178.43,1.0429,3.37,0.6,192.11,2.08,92,-3.5,0.38422,534.3,-10.17,9.4,10,3,1.1627
sorghum biochar,Plant,Acid,Pristine,800,1,5,0.16520979,178.43,1.0429,3.37,0.6,192.11,2.08,92,-3.5,0.38422,534.3,-10.17,9.4,10,5,0.2961
sorghum biochar,Plant,Acid,Pristine,800,1,5,0.16520979,178.43,1.0429,3.37,0.6,192.11,2.08,92,-3.5,0.38422,534.3,-10.17,9.4,10,9,0.0638
sorghum biochar,Plant,Acid,Pristine,800,1,5,0.16520979,178.43,1.0429,3.37,0.6,192.11,2.08,92,-3.5,0.38422,534.3,-10.17,9.4,10,11,0.0511
sludge biochar,Sludge,Pristine,Pristine,600,2,10,1.424508427,89.8,0.396666667,6.4,0.4,152.2,1.82,377,9.3,0.1522,253.279,0.89,1.6,5,7,0.006
Co3O4 BC,Plant,Metal,Pristine,600,2,10,0.229142857,58.5,0.83,20.7,0.8,152.2,1.82,377,9.3,0.1522,361.368,0.83,6.3,20,7,0.1962
Co3O4 BC,Plant,Metal,Pristine,600,2,10,0.229142857,58.5,0.83,20.7,0.2,152.2,1.82,377,9.3,0.1522,361.368,0.83,6.3,20,7,0.0903
Co3O4 BC,Plant,Metal,Pristine,600,2,10,0.229142857,58.5,0.83,20.7,0.5,152.2,1.82,377,9.3,0.1522,361.368,0.83,6.3,20,7,0.1295
Co3O4 BC,Plant,Metal,Pristine,600,2,10,0.229142857,58.5,0.83,20.7,1,152.2,1.82,377,9.3,0.1522,361.368,0.83,6.3,20,7,0.1419
Co3O4 BC,Plant,Metal,Pristine,600,2,10,0.229142857,58.5,0.83,20.7,0.8,152.2,1.82,377,9.3,0.01522,361.368,0.83,6.3,20,7,0.0366
Co3O4 BC,Plant,Metal,Pristine,600,2,10,0.229142857,58.5,0.83,20.7,0.8,152.2,1.82,377,9.3,0.04566,361.368,0.83,6.3,20,7,0.0946
Co3O4 BC,Plant,Metal,Pristine,600,2,10,0.229142857,58.5,0.83,20.7,0.8,152.2,1.82,377,9.3,0.0761,361.368,0.83,6.3,20,7,0.1357
Co3O4 BC,Plant,Metal,Pristine,600,2,10,0.229142857,58.5,0.83,20.7,0.8,152.2,1.82,377,9.3,0.3044,361.368,0.83,6.3,20,7,0.1419
Co3O4 BC,Plant,Metal,Pristine,600,2,10,0.229142857,58.5,0.83,20.7,0.8,152.2,1.82,377,9.3,0.1522,361.368,0.83,6.3,10,7,0.1411
Co3O4 BC,Plant,Metal,Pristine,600,2,10,0.229142857,58.5,0.83,20.7,0.8,152.2,1.82,377,9.3,0.1522,361.368,0.83,6.3,40,7,0.0833
Co3O4 BC,Plant,Metal,Pristine,600,2,10,0.229142857,58.5,0.83,20.7,0.8,152.2,1.82,377,9.3,0.1522,361.368,0.83,6.3,60,7,0.0629
Co3O4 BC,Plant,Metal,Pristine,600,2,10,0.229142857,58.5,0.83,20.7,0.8,152.2,1.82,377,9.3,0.1522,361.368,0.83,6.3,20,3,0.046
Co3O4 BC,Plant,Metal,Pristine,600,2,10,0.229142857,58.5,0.83,20.7,0.8,152.2,1.82,377,9.3,0.1522,361.368,0.83,6.3,20,5,0.096
Co3O4 BC,Plant,Metal,Pristine,600,2,10,0.229142857,58.5,0.83,20.7,0.8,152.2,1.82,377,9.3,0.1522,361.368,0.83,6.3,20,9,0.108
Co3O4 BC,Plant,Metal,Pristine,600,2,10,0.229142857,58.5,0.83,20.7,0.8,152.2,1.82,377,9.3,0.1522,361.368,0.83,6.3,20,11,0.125
NS BC,Plant,Heteroatom,Heteroatom,600,4,5,0.058386058,2183.75,0.995,28.2,0.08,152.2,1.82,377,9.3,0.0761,128.55,2.39,9.41,50,7,0.1226
NS BC,Plant,Heteroatom,Heteroatom,600,4,5,0.058386058,2183.75,0.995,28.2,0.02,152.2,1.82,377,9.3,0.0761,128.55,2.39,9.41,50,7,0.0154
NS BC,Plant,Heteroatom,Heteroatom,600,4,5,0.058386058,2183.75,0.995,28.2,0.04,152.2,1.82,377,9.3,0.0761,128.55,2.39,9.41,50,7,0.0404
NS BC,Plant,Heteroatom,Heteroatom,600,4,5,0.058386058,2183.75,0.995,28.2,0.06,152.2,1.82,377,9.3,0.0761,128.55,2.39,9.41,50,7,0.0726
NS BC,Plant,Heteroatom,Heteroatom,600,4,5,0.058386058,2183.75,0.995,28.2,0.08,152.2,1.82,377,9.3,0.03805,128.55,2.39,9.41,50,7,0.0502
NS BC,Plant,Heteroatom,Heteroatom,600,4,5,0.058386058,2183.75,0.995,28.2,0.08,152.2,1.82,377,9.3,0.1522,128.55,2.39,9.41,50,7,0.0674
NS BC,Plant,Heteroatom,Heteroatom,600,4,5,0.058386058,2183.75,0.995,28.2,0.08,152.2,1.82,377,9.3,0.3044,128.55,2.39,9.41,50,7,0.094
NS BC,Plant,Heteroatom,Heteroatom,600,4,5,0.058386058,2183.75,0.995,28.2,0.08,152.2,1.82,377,9.3,0.3044,128.55,2.39,9.41,75,7,0.0431
NS BC,Plant,Heteroatom,Heteroatom,600,4,5,0.058386058,2183.75,0.995,28.2,0.08,152.2,1.82,377,9.3,0.3044,128.55,2.39,9.41,100,7,0.0329
NS BC,Plant,Heteroatom,Heteroatom,600,4,5,0.058386058,2183.75,0.995,28.2,0.08,152.2,1.82,377,9.3,0.3044,128.55,2.39,9.41,50,3,0.0626
NS BC,Plant,Heteroatom,Heteroatom,600,4,5,0.058386058,2183.75,0.995,28.2,0.08,152.2,1.82,377,9.3,0.3044,128.55,2.39,9.41,50,5,0.0681
NS BC,Plant,Heteroatom,Heteroatom,600,4,5,0.058386058,2183.75,0.995,28.2,0.08,152.2,1.82,377,9.3,0.3044,128.55,2.39,9.41,50,9,0.0356
NS BC,Plant,Heteroatom,Heteroatom,600,4,5,0.058386058,2183.75,0.995,28.2,0.08,152.2,1.82,377,9.3,0.3044,128.55,2.39,9.41,50,11,0.067
Red mud sludge biochar,Sludge,Metal,Pristine,700,2,10,1.099307159,50.3,0.98,16.9,0.2,152.2,1.82,377,9.3,0.02283,253.279,0.89,1.6,15,5.4,0.01
N Red mud sludge biochar,Sludge,Metal,Heteroatom,700,2,10,0.626943005,70.4,1.05,18.1,0.2,152.2,1.82,377,9.3,0.02283,253.279,0.89,1.6,15,5.4,0.033
N Red mud sludge biochar,Sludge,Metal,Heteroatom,700,2,10,0.626943005,70.4,1.05,18.1,0.2,152.2,1.82,377,9.3,0.02283,253.279,0.89,1.6,15,4,0.019
N Red mud sludge biochar,Sludge,Metal,Heteroatom,700,2,10,0.626943005,70.4,1.05,18.1,0.2,152.2,1.82,377,9.3,0.02283,253.279,0.89,1.6,15,7,0.027
N Red mud sludge biochar,Sludge,Metal,Heteroatom,700,2,10,0.626943005,70.4,1.05,18.1,0.2,152.2,1.82,377,9.3,0.02283,253.279,0.89,1.6,15,10,0.028
MgFe2O4/biochar composite,Plant,Metal,Metal,700,2,5,1.387223736,119,0.31,83.79,0.4,192.11,2.08,92,-3.5,0.806862,361.368,0.83,6.3,10,5,0.52
MgFe2O4/biochar composite,Plant,Metal,Metal,700,2,5,1.387223736,119,0.31,83.79,0.4,192.11,2.08,92,-3.5,0.403431,361.368,0.83,6.3,10,5,0.41
MgFe2O4/biochar composite,Plant,Metal,Metal,700,2,5,1.387223736,119,0.31,83.79,0.4,192.11,2.08,92,-3.5,1.613724,361.368,0.83,6.3,10,5,0.38
MgFe2O4/biochar composite,Plant,Metal,Metal,700,2,5,1.387223736,119,0.31,83.79,0.2,192.11,2.08,92,-3.5,0.806862,361.368,0.83,6.3,10,5,0.375
MgFe2O4/biochar composite,Plant,Metal,Metal,700,2,5,1.387223736,119,0.31,83.79,0.6,192.11,2.08,92,-3.5,0.806862,361.368,0.83,6.3,10,5,0.58
MgFe2O4/biochar composite,Plant,Metal,Metal,700,2,5,1.387223736,119,0.31,83.79,0.8,192.11,2.08,92,-3.5,0.806862,361.368,0.83,6.3,10,5,0.64
MgFe2O4/biochar composite,Plant,Metal,Metal,700,2,5,1.387223736,119,0.31,83.79,0.4,192.11,2.08,92,-3.5,0.806862,361.368,0.83,6.3,10,3,0.303
MgFe2O4/biochar composite,Plant,Metal,Metal,700,2,5,1.387223736,119,0.31,83.79,0.4,192.11,2.08,92,-3.5,0.806862,361.368,0.83,6.3,10,7,0.405
MgFe2O4/biochar composite,Plant,Metal,Metal,700,2,5,1.387223736,119,0.31,83.79,0.4,192.11,2.08,92,-3.5,0.806862,361.368,0.83,6.3,10,9,0.398
S. alfredii biochar,Plant,Pristine,Pristine,500,4,5,0.557734205,0.63,3.29,17.4,0.67,192.11,2.08,92,-3.5,0.96055,255.7,0.57,11.12,10,4,0.0046
S. alfredii biochar,Plant,Pristine,Pristine,700,4,5,0.376278119,0.49,3.09,13.4,0.67,192.11,2.08,92,-3.5,0.96055,255.7,0.57,11.12,10,4,0.0093
S. alfredii biochar,Plant,Pristine,Pristine,900,4,5,0.229862475,0.35,2.94,12.2,0.67,192.11,2.08,92,-3.5,0.96055,255.7,0.57,11.12,10,4,0.0092
Fe BC,Plant,Metal,Pristine,500,4,5,0.29566855,0.32,3.3,18.6,0.67,192.11,2.08,92,-3.5,0.96055,255.7,0.57,11.12,10,4,0.0038
Fe BC,Plant,Metal,Pristine,700,4,5,0.185606061,0.31,3.15,18,0.67,192.11,2.08,92,-3.5,0.96055,255.7,0.57,11.12,10,4,0.0041
Fe BC,Plant,Metal,Pristine,900,4,5,0.052238806,0.27,2.61,15.2,0.67,192.11,2.08,92,-3.5,0.96055,255.7,0.57,11.12,10,4,0.0213
Mn BC,Plant,Metal,Pristine,500,4,5,0.269067797,0.51,3.39,17.2,0.67,192.11,2.08,92,-3.5,0.96055,255.7,0.57,11.12,10,4,0.0031
Mn BC,Plant,Metal,Pristine,700,4,5,0.149284254,0.32,3.04,14.4,0.67,192.11,2.08,92,-3.5,0.96055,255.7,0.57,11.12,10,4,0.0028
Mn BC,Plant,Metal,Pristine,900,4,5,0.135826772,0.31,2.7,12.9,0.67,192.11,2.08,92,-3.5,0.96055,255.7,0.57,11.12,10,4,0.0052
Zn BC,Plant,Metal,Pristine,500,4,5,0.126252505,0.6,3.04,16.9,0.67,192.11,2.08,92,-3.5,0.96055,255.7,0.57,11.12,10,4,0.0072
Zn BC,Plant,Metal,Pristine,700,4,5,0.067460317,0.48,3.34,15.6,0.67,192.11,2.08,92,-3.5,0.96055,255.7,0.57,11.12,10,4,0.0087
Zn BC,Plant,Metal,Pristine,900,4,5,0.046511628,0.19,2.75,12,0.67,192.11,2.08,92,-3.5,0.96055,255.7,0.57,11.12,10,4,0.0163
ginkgo leaf  BC,Plant,Pristine,Pristine,550,1,5,0.304522344,3.62,0.94,39.2,0.5,152.2,1.82,377,9.3,0.1522,94.11,1.46,9.99,10,6,0.005
ginkgo leaf  BC,Plant,Pristine,Pristine,700,1,5,0.352817494,7.77,1.17,38.5,0.5,152.2,1.82,377,9.3,0.1522,94.11,1.46,9.99,10,6,0.043
ginkgo leaf  BC,Plant,Pristine,Pristine,850,1,5,0.444345105,11.66,1.01,37.4,0.5,152.2,1.82,377,9.3,0.1522,94.11,1.46,9.99,10,6,0.155
ginkgo leaf  BC,Plant,Pristine,Pristine,1000,1,5,0.30989129,16.82,1.15,32.9,0.5,152.2,1.82,377,9.3,0.1522,94.11,1.46,9.99,10,6,0.018
ginkgo leaf  BC,Plant,Pristine,Pristine,850,1,5,0.444345105,11.66,1.01,37.4,0.5,152.2,1.82,377,9.3,0.0761,94.11,1.46,9.99,10,6,0.008
ginkgo leaf  BC,Plant,Pristine,Pristine,850,1,5,0.444345105,11.66,1.01,37.4,0.5,152.2,1.82,377,9.3,0.2283,94.11,1.46,9.99,10,6,0.0193
ginkgo leaf  BC,Plant,Pristine,Pristine,850,1,5,0.444345105,11.66,1.01,37.4,0.4,152.2,1.82,377,9.3,0.1522,94.11,1.46,9.99,10,6,0.0146
ginkgo leaf  BC,Plant,Pristine,Pristine,850,1,5,0.444345105,11.66,1.01,37.4,0.6,152.2,1.82,377,9.3,0.1522,94.11,1.46,9.99,10,6,0.0325
ginkgo leaf  BC,Plant,Pristine,Pristine,850,1,5,0.444345105,11.66,1.01,37.4,0.5,152.2,1.82,377,9.3,0.1522,94.11,1.46,9.99,10,2,0.0208
ginkgo leaf  BC,Plant,Pristine,Pristine,850,1,5,0.444345105,11.66,1.01,37.4,0.5,152.2,1.82,377,9.3,0.1522,94.11,1.46,9.99,10,4,0.0058
ginkgo leaf  BC,Plant,Pristine,Pristine,850,1,5,0.444345105,11.66,1.01,37.4,0.5,152.2,1.82,377,9.3,0.1522,94.11,1.46,9.99,10,8,0.025
sorghum stalks BC,Plant,Pristine,Pristine,650,2,5,0.13,6.5,1.621,7.7,1.8,192.11,2.08,92,-3.5,1.748201,250.278,0.09,6.99,9.0850914,5.8,0.0102
reed stalks BC,Plant,Pristine,Pristine,650,2,5,0.11,64.2,1.658,8.2,1.8,192.11,2.08,92,-3.5,1.748201,250.278,0.09,6.99,9.0850914,5.8,0.0066
cotton stalks BC,Plant,Pristine,Pristine,650,2,5,0.12,42.2,1.764,6.9,1.8,192.11,2.08,92,-3.5,1.748201,250.278,0.09,6.99,9.0850914,5.8,0.0034
sesame stalks BC,Plant,Pristine,Pristine,650,2,5,0.18,4.8,1.874,7.2,1.8,192.11,2.08,92,-3.5,1.748201,250.278,0.09,6.99,9.0850914,5.8,0.0014
rape stalks BC,Plant,Pristine,Pristine,650,2,5,0.19,3.4,1.995,10.5,1.8,192.11,2.08,92,-3.5,1.748201,250.278,0.09,6.99,9.0850914,5.8,0.0012
soybean stalks BC,Plant,Pristine,Pristine,650,2,5,0.16,2.6,1.995,10,1.8,192.11,2.08,92,-3.5,1.748201,250.278,0.09,6.99,9.0850914,5.8,0.0009
sorghum stalks BC,Plant,Pristine,Pristine,650,2,5,0.13,6.5,1.621,7.7,1.8,192.11,2.08,92,-3.5,1.748201,250.278,0.09,6.99,9.0850914,3.5,0.017
sorghum stalks BC,Plant,Pristine,Pristine,650,2,5,0.13,6.5,1.621,7.7,1.8,192.11,2.08,92,-3.5,1.748201,250.278,0.09,6.99,9.0850914,5,0.0104
sorghum stalks BC,Plant,Pristine,Pristine,650,2,5,0.13,6.5,1.621,7.7,1.8,192.11,2.08,92,-3.5,1.748201,250.278,0.09,6.99,9.0850914,9,0.0099
sorghum stalks BC,Plant,Pristine,Pristine,650,2,5,0.13,6.5,1.621,7.7,1.8,192.11,2.08,92,-3.5,1.748201,250.278,0.09,6.99,9.0850914,12,0.0039
sorghum stalks BC,Plant,Pristine,Pristine,650,2,5,0.13,6.5,1.621,7.7,1.8,192.11,2.08,92,-3.5,1.748201,251.278,0.09,6.99,9.1213914,3.5,0.0062
sorghum stalks BC,Plant,Pristine,Pristine,650,2,5,0.13,6.5,1.621,7.7,1.8,192.11,2.08,92,-3.5,1.748201,252.278,0.09,6.99,9.1576914,5,0.0069
sorghum stalks BC,Plant,Pristine,Pristine,650,2,5,0.13,6.5,1.621,7.7,1.8,192.11,2.08,92,-3.5,1.748201,253.278,0.09,6.99,9.1939914,9,0.007
sorghum stalks BC,Plant,Pristine,Pristine,650,2,5,0.13,6.5,1.621,7.7,1.8,192.11,2.08,92,-3.5,1.748201,254.278,0.09,6.99,9.2302914,12,0.0026
sorghum stalks BC,Plant,Pristine,Pristine,650,2,5,0.13,6.5,1.621,7.7,1.8,192.11,2.08,92,-3.5,1.748201,254.278,0.09,6.99,9.2302914,3.5,0.0041
sorghum stalks BC,Plant,Pristine,Pristine,650,2,5,0.13,6.5,1.621,7.7,1.8,192.11,2.08,92,-3.5,1.748201,254.278,0.09,6.99,9.2302914,5,0.0038
sorghum stalks BC,Plant,Pristine,Pristine,650,2,5,0.13,6.5,1.621,7.7,1.8,192.11,2.08,92,-3.5,1.748201,254.278,0.09,6.99,9.2302914,9,0.0032
sorghum stalks BC,Plant,Pristine,Pristine,650,2,5,0.13,6.5,1.621,7.7,1.8,192.11,2.08,92,-3.5,1.748201,254.278,0.09,6.99,9.2302914,12,0.0015
sorghum stalks BC,Plant,Pristine,Pristine,650,2,5,0.13,6.5,1.621,7.7,1.8,192.11,2.08,92,-3.5,1.748201,254.278,0.09,6.99,9.2302914,3.5,0.0012
sorghum stalks BC,Plant,Pristine,Pristine,650,2,5,0.13,6.5,1.621,7.7,1.8,192.11,2.08,92,-3.5,1.748201,254.278,0.09,6.99,9.2302914,5,0.0014
sorghum stalks BC,Plant,Pristine,Pristine,650,2,5,0.13,6.5,1.621,7.7,1.8,192.11,2.08,92,-3.5,1.748201,254.278,0.09,6.99,9.2302914,9,0.0013
sorghum stalks BC,Plant,Pristine,Pristine,650,2,5,0.13,6.5,1.621,7.7,1.8,192.11,2.08,92,-3.5,1.748201,254.278,0.09,6.99,9.2302914,12,0.001
sorghum stalks BC,Plant,Pristine,Pristine,650,2,5,0.13,6.5,1.621,7.7,1.8,192.11,2.08,92,-3.5,1.748201,254.278,0.09,6.99,9.2302914,3.5,0.0013
sorghum stalks BC,Plant,Pristine,Pristine,650,2,5,0.13,6.5,1.621,7.7,1.8,192.11,2.08,92,-3.5,1.748201,254.278,0.09,6.99,9.2302914,5,0.00125
sorghum stalks BC,Plant,Pristine,Pristine,650,2,5,0.13,6.5,1.621,7.7,1.8,192.11,2.08,92,-3.5,1.748201,254.278,0.09,6.99,9.2302914,9,0.0011
sorghum stalks BC,Plant,Pristine,Pristine,650,2,5,0.13,6.5,1.621,7.7,1.8,192.11,2.08,92,-3.5,1.748201,254.278,0.09,6.99,9.2302914,12,0.00101
sorghum stalks BC,Plant,Pristine,Pristine,650,2,5,0.13,6.5,1.621,7.7,1.8,192.11,2.08,92,-3.5,1.748201,254.278,0.09,6.99,9.2302914,3.5,0.0013
sorghum stalks BC,Plant,Pristine,Pristine,650,2,5,0.13,6.5,1.621,7.7,1.8,192.11,2.08,92,-3.5,1.748201,254.278,0.09,6.99,9.2302914,5,0.00105
sorghum stalks BC,Plant,Pristine,Pristine,650,2,5,0.13,6.5,1.621,7.7,1.8,192.11,2.08,92,-3.5,1.748201,254.278,0.09,6.99,9.2302914,9,0.00104
sorghum stalks BC,Plant,Pristine,Pristine,650,2,5,0.13,6.5,1.621,7.7,1.8,192.11,2.08,92,-3.5,1.748201,254.278,0.09,6.99,9.2302914,12,0.00101
luffa sponge BC,Plant,Pristine,Pristine,800,2,5,1.32,304.49,1.05,27.21,0.2,152.2,1.82,377,9.3,1.522,350.32,2.35,8.26,20,3.42,0.1071
luffa sponge BC,Plant,Pristine,Pristine,800,2,5,1.32,304.49,1.05,27.21,0.05,152.2,1.82,377,9.3,1.522,350.32,2.35,8.26,20,3.42,0.0039
luffa sponge BC,Plant,Pristine,Pristine,800,2,5,1.32,304.49,1.05,27.21,0.1,152.2,1.82,377,9.3,1.522,350.32,2.35,8.26,20,3.42,0.0281
luffa sponge BC,Plant,Pristine,Pristine,800,2,5,1.32,304.49,1.05,27.21,0.15,152.2,1.82,377,9.3,1.522,350.32,2.35,8.26,20,3.42,0.0388
luffa sponge BC,Plant,Pristine,Pristine,800,2,5,1.32,304.49,1.05,27.21,0.2,152.2,1.82,377,9.3,0.761,350.32,2.35,8.26,20,3.42,0.0693
luffa sponge BC,Plant,Pristine,Pristine,800,2,5,1.32,304.49,1.05,27.21,0.2,152.2,1.82,377,9.3,1.1415,350.32,2.35,8.26,20,3.42,0.0872
luffa sponge BC,Plant,Pristine,Pristine,800,2,5,1.32,304.49,1.05,27.21,0.2,152.2,1.82,377,9.3,1.9025,350.32,2.35,8.26,20,3.42,0.1182
luffa sponge BC,Plant,Pristine,Pristine,800,2,5,1.32,304.49,1.05,27.21,0.2,152.2,1.82,377,9.3,2.283,350.32,2.35,8.26,20,3.42,0.1256
swine bone BC,Bone,Pristine,Pristine,900,2,5,0.1157,43.56,1.1662,11.82,0.02,192.11,2.08,92,-3.5,1,151.163,1.46,9.5,20,6,0.131
swine bone BC,Bone,Acid,Pristine,700,2,5,0.2472,603.375,1.2075,10.99,0.02,192.11,2.08,92,-3.5,1,151.163,1.46,9.5,20,6,0.101
swine bone BC,Bone,Acid,Pristine,800,2,5,0.3714,922.04,1.3811,9.69,0.02,192.11,2.08,92,-3.5,1,151.163,1.46,9.5,20,6,0.325
swine bone BC,Bone,Acid,Pristine,900,2,5,0.99,1199.92,1.1104,6.94,0.02,192.11,2.08,92,-3.5,1,151.163,1.46,9.5,20,6,0.441
Wood chips graphitic BC,Plant,Pristine,Pristine,400,2,5,0.081081081,526.3,0.97,1.2,0.2,192.11,2.08,92,-3.5,1.53688,444.435,-1.19,3.3,22.22175,4.2,0.0098
Wood chips graphitic BC,Plant,Pristine,Pristine,600,2,5,0.072961373,536.8,1,0.9,0.2,192.11,2.08,92,-3.5,1.53688,444.435,-1.19,3.3,22.22175,4.2,0.014
Wood chips graphitic BC,Plant,Pristine,Pristine,800,2,5,0.067235859,574.8,1.04,0.8,0.2,192.11,2.08,92,-3.5,1.53688,444.435,-1.19,3.3,22.22175,4.2,0.0176
Wood chips graphitic BC,Plant,Pristine,Pristine,1000,2,5,0.049317943,600.1,1.15,0.8,0.2,192.11,2.08,92,-3.5,1.53688,444.435,-1.19,3.3,22.22175,4.2,0.0238
Wood chips graphitic BC,Plant,Pristine,Pristine,1100,2,5,0.049317943,514.8,1.1,0.8,0.2,192.11,2.08,92,-3.5,1.53688,444.435,-1.19,3.3,22.22175,4.2,0.0195
Wood chips graphitic BC,Plant,Pristine,Pristine,1000,2,5,0.049317943,600.1,1.15,0.8,0.2,192.11,2.08,92,-3.5,1.53688,228.29,3.32,9.6,11.4145,4.2,0.0287
Wood chips graphitic BC,Plant,Pristine,Pristine,1000,2,5,0.049317943,600.1,1.15,0.8,0.2,192.11,2.08,92,-3.5,1.53688,253.279,0.89,1.6,12.66395,4.2,0.0301
Wood chips graphitic BC,Plant,Pristine,Pristine,1000,2,5,0.049317943,600.1,1.15,0.8,0.2,192.11,2.08,92,-3.5,1.53688,350.32,-0.95,8.26,17.516,4.2,0.0141
Wood chips graphitic BC,Plant,Pristine,Pristine,1000,2,5,0.049317943,600.1,1.15,0.8,0.2,192.11,2.08,92,-3.5,1.53688,228.29,3.32,9.6,22.829,4.2,0.0081
Wood chips graphitic BC,Plant,Pristine,Pristine,1000,2,5,0.049317943,600.1,1.15,0.8,0.2,192.11,2.08,92,-3.5,1.53688,253.279,0.89,1.6,25.3279,4.2,0.007
Wood chips graphitic BC,Plant,Pristine,Pristine,1000,2,5,0.049317943,600.1,1.15,0.8,0.2,192.11,2.08,92,-3.5,1.53688,350.32,-0.95,8.26,35.032,4.2,0.0017
N ball-milled mulberry biochar,Plant,Heteroatom,Pristine,900,2,10,0.064648027,122.49,0.98,11.99,1,192.11,2.08,92,-3.5,1.15266,290.32,0.91,7.12,6,6.7,0.0087
N ball-milled mulberry biochar,Plant,Heteroatom,Pristine,900,2,10,0.064648027,122.49,0.98,11.99,0.5,192.11,2.08,92,-3.5,1.15266,290.32,0.91,7.12,6,6.7,0.0035
N ball-milled mulberry biochar,Plant,Heteroatom,Pristine,900,2,10,0.064648027,122.49,0.98,11.99,0.75,192.11,2.08,92,-3.5,1.15266,290.32,0.91,7.12,6,6.7,0.0041
N ball-milled mulberry biochar,Plant,Heteroatom,Pristine,900,2,10,0.064648027,122.49,0.98,11.99,1,192.11,2.08,92,-3.5,0.57633,290.32,0.91,7.12,6,6.7,0.004
N ball-milled mulberry biochar,Plant,Heteroatom,Pristine,900,2,10,0.064648027,122.49,0.98,11.99,1,192.11,2.08,92,-3.5,1.72899,290.32,0.91,7.12,6,6.7,0.014
N ball-milled mulberry biochar,Plant,Heteroatom,Pristine,900,2,10,0.064648027,122.49,0.98,11.99,1,192.11,2.08,92,-3.5,1.15266,290.32,0.91,7.12,6,3,0.0037
N ball-milled mulberry biochar,Plant,Heteroatom,Pristine,900,2,10,0.064648027,122.49,0.98,11.99,1,192.11,2.08,92,-3.5,1.15266,290.32,0.91,7.12,6,4,0.0061
N ball-milled mulberry biochar,Plant,Heteroatom,Pristine,900,2,10,0.064648027,122.49,0.98,11.99,1,192.11,2.08,92,-3.5,1.15266,290.32,0.91,7.12,6,10,0.0045
N ball-milled mulberry biochar,Plant,Heteroatom,Pristine,900,2,10,0.064648027,122.49,0.98,11.99,1,192.11,2.08,92,-3.5,1.15266,290.32,0.91,7.12,6,12,0.0021
tannery sludge BC,Sludge,Pristine,Pristine,500,2,5,2.718181818,40.98,2.86,18.3,0.3,192.11,2.08,92,-3.5,0.57633,444.435,-1.19,3.3,50,7,0.06
BC-Fe 1:2,Plant,Metal,Pristine,800,2,10,2.975951904,140.42,1.21,17.7,0.2,192.11,2.08,92,-3.5,0.96055,444.435,-1.19,3.3,20,3,0.8694
Fe-N Corn straw BC,Plant,Metal,Heteroatom,400,1.5,10,0.303,195.55,0.82,33.36,0.06,192.11,2.08,92,-3.5,0.19211,228.29,3.32,9.6,2,7,0.087
Fe-N Corn straw BC,Plant,Metal,Heteroatom,600,1.5,10,0.197,880.139,0.98,32.09,0.06,192.11,2.08,92,-3.5,0.19211,228.29,3.32,9.6,2,7,0.2362
Fe-N Corn straw BC,Plant,Metal,Heteroatom,800,1.5,10,0.107,1691.81,1.02,19.96,0.06,192.11,2.08,92,-3.5,0.19211,228.29,3.32,9.6,2,7,0.4816
Food digestate BC,Sludge,Acid,Pristine,800,2,10,0.50924,462.8257,1.11,18.12,0.3,152.2,1.82,377,9.3,0.01522,296.148,4.02,4.15,20,7,0.2052
Lotus Leaf BC,Plant,Acid,Pristine,800,2,5,0.134901868,676.34,1.02,18.12,0.25,192.11,2.08,92,-3.5,4,350.32,2.35,8.26,200,6.4,0.1716
NB-Wheat straw BC,Plant,Heteroatom,Pristine,700,1,10,0.1910299,72.01,1.214,5.03,0.02,192.11,2.08,92,-3.5,0.19211,444.435,-1.19,3.3,30,7,0.0068
N-litchi branch BC,Plant,Heteroatom,Pristine,800,1.5,10,0.124229979,821,0.97,2.86,0.1,192.11,2.08,92,-3.5,0.96055,228.29,3.32,9.6,10,7,0.0162
Celluose BC,Plant,Pristine,Pristine,500,1,10,0.188068253,35.02,0.73,25.22,0.5,192.11,2.08,92,-3.5,0.5,361.368,0.83,6.3,10,7,0.0009
Celluose BC,Plant,Pristine,Pristine,1000,1,10,0.085391516,58.88,1.18,8.13,0.5,192.11,2.08,92,-3.5,0.5,361.368,0.83,6.3,10,7,0.0051
wallnut shell BC,Plant,Acid,Pristine,700,1,10,0.043,359,0.931,8.3,2,192.11,2.08,92,-3.5,0.38422,278.33,0.25,7.59,20,3.5,0.0122
cotton stalks BC,Plant,Acid,Pristine,700,1,10,0.047,179,0.839,6.8,2,192.11,2.08,92,-3.5,0.38422,278.33,0.25,7.59,20,3.5,0.0024
Spirulina BC,Algae,Pristine,Pristine,700,2,10,0.411262799,157,3.67,13.84,0.1,192.11,2.08,92,-3.5,0.19211,253.279,0.89,1.6,10,7,0.0001
N-Spirulina BC,Algae,Basic,Heteroatom,500,2,10,0.563909774,389,3.25,12.09,0.1,192.11,2.08,92,-3.5,0.19211,253.279,0.89,1.6,10,7,0.0051
N-Spirulina BC,Algae,Basic,Heteroatom,600,2,10,0.467908903,945,3.55,13.6,0.1,192.11,2.08,92,-3.5,0.19211,253.279,0.89,1.6,10,7,0.0178
N-Spirulina BC,Algae,Basic,Heteroatom,700,2,10,0.369620253,737,3.73,14.43,0.1,192.11,2.08,92,-3.5,0.19211,253.279,0.89,1.6,10,7,0.0648
N Corn straw BC,Plant,Heteroatom,Pristine,700,1,5,0.121,6.26,1.04,6.8,0.015,152.2,1.82,377,9.3,0.1522,163,3.17,7.89,8.15,7,0.009
N Corn straw BC,Plant,Heteroatom,Pristine,800,1,5,0.102,27.1,1.1,7.3,0.015,152.2,1.82,377,9.3,0.1522,163,3.17,7.89,8.15,7,0.023
N Corn straw BC,Plant,Heteroatom,Pristine,900,1,5,0.243,557,1.07,5.3,0.015,152.2,1.82,377,9.3,0.1522,163,3.17,7.89,8.15,7,0.065
N Corn straw BC,Plant,Heteroatom,Pristine,1000,1,5,0.213,633,1.04,6.2,0.015,152.2,1.82,377,9.3,0.1522,163,3.17,7.89,8.15,7,0.261
N Corn straw BC,Plant,Heteroatom,Pristine,800,0.166666667,5,0.095,7.6,1.11,4.4,0.015,152.2,1.82,377,9.3,0.1522,163,3.17,7.89,8.15,7,0.017
N Corn straw BC,Plant,Heteroatom,Pristine,800,2,5,0.073,367,1.09,5.2,0.015,152.2,1.82,377,9.3,0.1522,163,3.17,7.89,8.15,7,0.033
N Corn straw BC,Plant,Heteroatom,Pristine,800,3,5,0.057,453,1.04,7.3,0.015,152.2,1.82,377,9.3,0.1522,163,3.17,7.89,8.15,7,0.035
N Corn straw BC,Plant,Heteroatom,Acid,800,2,5,0.164,357,1.25,10.9,0.015,152.2,1.82,377,9.3,0.1522,163,3.17,7.89,8.15,7,0.068
N Corn straw BC,Plant,Heteroatom,Acid,800,2,5,0.158,434,1.15,10.4,0.015,152.2,1.82,377,9.3,0.1522,163,3.17,7.89,8.15,7,0.115
N Corn straw BC,Plant,Heteroatom,Basic,800,2,5,0.189,364,1.2,14.3,0.015,152.2,1.82,377,9.3,0.1522,163,3.17,7.89,8.15,7,0.03
N Corn straw BC,Plant,Heteroatom,Basic,800,2,5,0.192,443,1.15,10.2,0.015,152.2,1.82,377,9.3,0.1522,163,3.17,7.89,8.15,7,0.059
sludge BC,Sludge,Pristine,Pristine,700,3,5,0.91325811,17.81,0.9813,25.24,0.03,152.2,1.82,377,9.3,0.1,228.29,3.32,9.6,100,7,0.0206
acetate- SBC,Sludge,Basic,Pristine,700,3,5,1.087427626,25.0182,0.9025,24.7,0.03,152.2,1.82,377,9.3,0.1,228.29,3.32,9.6,100,7,0.0557
NS pine needle BC,Plant,Heteroatom,Heteroatom,800,2,10,0.057955619,372.9,1.215,17,0.1,192.11,2.08,92,-3.5,1.15266,444.435,-1.19,3.3,40,4,0.0971
tea leaves BC,Plant,Pristine,Pristine,600,2,5,0.315,64.586,0.92,32.46,0.8,192.11,2.08,92,-3.5,0.76844,444.435,-1.19,3.3,10,6.3,0.00953
chicken manure BC,Sludge,Acid,Pristine,600,2,5,0.102007322,157.41,0.9,25.6,0.3,152.2,1.82,377,9.3,0.0761,361.368,0.83,6.3,18.0684,5.26,0.03102
Dairy manure BC,Sludge,Pristine,Pristine,400,2,10,0.476096013,21.02,0.828,12.17,0.1,152.2,1.82,377,9.3,0.3805,253.279,0.89,1.6,15,5.56,0.0118
Dairy manure BC,Sludge,Pristine,Pristine,500,2,10,0.515175404,58.95,0.859,15.14,0.1,152.2,1.82,377,9.3,0.3805,253.279,0.89,1.6,15,5.56,0.0127
Dairy manure BC,Sludge,Pristine,Pristine,600,2,10,0.375793799,207.81,0.924,13.81,0.1,152.2,1.82,377,9.3,0.3805,253.279,0.89,1.6,15,5.56,0.0131
Dairy manure BC,Sludge,Pristine,Pristine,700,2,10,0.41065526,238.45,0.933,12.01,0.1,152.2,1.82,377,9.3,0.3805,253.279,0.89,1.6,15,5.56,0.018
Dairy manure BC,Sludge,Pristine,Pristine,800,2,10,0.459691587,251.57,0.997,6.78,0.1,152.2,1.82,377,9.3,0.3805,253.279,0.89,1.6,15,5.56,0.0245
preserved wood BC,Plant,Pristine,Pristine,450,2,2,0.178309487,93.37,1.23,5.2,0.5,152.2,1.82,377,9.3,0.1522,228.29,3.32,9.6,4.5658,6.95,0.0026
preserved wood BC,Plant,Pristine,Pristine,900,2,2,0.156075543,697.14,1.1,9.8,0.5,152.2,1.82,377,9.3,0.1522,228.29,3.32,9.6,4.5658,6.95,0.0421
sludge BC,Sludge,Pristine,Pristine,700,2,20,0.715355805,52.7,1.03,17.5,0.2,152.2,1.82,377,9.3,0.09132,331.346,0.8,6.09,15,6.3,0.02
sludge BC,Sludge,Pristine,Pristine,900,4,5,0.242636046,110.43,1.07,11.44,1,152.2,1.82,377,9.3,0.1522,414.07,4.81,3.8,2,6.4,0.012
EDTA sludge BC,Sludge,Acid,Pristine,900,4,5,0.228333635,34.94,1.06,18.9,1,152.2,1.82,377,9.3,0.1522,414.07,4.81,3.8,2,6.4,0.054
H2SO4 EDTA sludge BC,Sludge,Acid,Acid,900,4,5,0.261315417,110.86,1.09,12.97,1,152.2,1.82,377,9.3,0.1522,414.07,4.81,3.8,2,6.4,0.009
ball milling fish scale BC,Bone,Pristine,Pristine,600,2,10,1.756570966,59.3,0.89,60.61,0.1,152.2,1.82,377,9.3,0.3044,296.148,4.5,4.15,10,5.74,0.01292
NP fish scale BC,Bone,Heteroatom,Heteroatom,600,2,10,0.453972699,208.8,0.93,68.16,0.1,152.2,1.82,377,9.3,0.3044,296.148,4.5,4.15,10,5.74,0.3974
swirled PB,Bone,Heteroatom,Pristine,600,2,10,0.255994043,95.36,0.87,51.83,0.1,152.2,1.82,377,9.3,0.3044,296.148,4.5,4.15,10,5.74,0.08221
swirled BMB,Bone,Heteroatom,Pristine,600,2,10,0.412845642,129.3,0.9,40.16,0.1,152.2,1.82,377,9.3,0.3044,296.148,4.5,4.15,10,5.74,0.02823
Sawdust BC,Plant,Pristine,Pristine,700,2,10,0.14,268.6,0.98,4.04,0.05,192.11,2.08,92,-3.5,0.19211,444.435,-1.19,3.3,200,3.6,0.0032
Bagasse powder BC,Plant,Pristine,Pristine,800,2,10,0.344960772,645.94,1.115,13.37,0.5,192.11,2.08,92,-3.5,0.38422,444.435,-1.19,3.3,100,6.5,0.00117
Bagasse powder BC pre-acid,Plant,Acid,Pristine,800,2,10,0.193181818,519.29,1.087,9.3,0.5,192.11,2.08,92,-3.5,0.38422,444.435,-1.19,3.3,100,6.5,0.00756
Bagasse powder BC post-acid,Plant,Acid,Pristine,800,2,10,0.215048627,511.75,1.107,8.12,0.5,192.11,2.08,92,-3.5,0.38422,444.435,-1.19,3.3,100,6.5,0.0539
Citric acid sludge,Sludge,Pristine,Pristine,700,1.5,10,0.43714927,28.26,1,16.8,0.2,192.11,2.08,92,-3.5,1.15266,94.11,1.46,9.99,20,7.4,0.0016
Sewage sludge,Sludge,Pristine,Pristine,700,1.5,10,0.017420158,46,1.09,17.2,0.2,192.11,2.08,92,-3.5,1.15266,94.11,1.46,9.99,20,7.4,0.0037
sewage sludge,Sludge,Pristine,Pristine,400,2,10,0.437086093,36.8688,3.03,7.48,0.5,192.11,2.08,92,-3.5,0.19211,253.279,0.89,1.6,0.001,7,0.0033
sewage sludge,Sludge,Pristine,Pristine,600,2,10,0.618951613,53.2566,4.16,4.37,0.5,192.11,2.08,92,-3.5,0.19211,253.279,0.89,1.6,0.001,7,0.0173
sewage sludge,Sludge,Pristine,Pristine,800,2,10,1.518151815,44.3925,2.51,8.36,0.5,192.11,2.08,92,-3.5,0.19211,253.279,0.89,1.6,0.001,7,0.0232
passion fruit shell BC,Plant,Acid,Pristine,600,2,5,0.204252181,184.05,0.95,59.58,0.4,152.2,1.82,377,9.3,0.3,444.435,-1.19,3.3,20,5.4,0.00241
passion fruit shell BC,Plant,Acid,Pristine,700,2,5,0.114436818,209.53,1.02,60.45,0.4,152.2,1.82,377,9.3,0.3,444.435,-1.19,3.3,20,5.4,0.00352
passion fruit shell BC,Plant,Acid,Pristine,800,2,5,0.099137448,215.99,1.13,62.78,0.4,152.2,1.82,377,9.3,0.3,444.435,-1.19,3.3,20,5.4,0.00855
passion fruit shell BC,Plant,Acid,Pristine,900,2,5,0.104549529,536.55,1.2,69.43,0.4,152.2,1.82,377,9.3,0.3,444.435,-1.19,3.3,20,5.4,0.0317
passion fruit shell BC,Plant,Acid,Pristine,1000,2,5,0.104393166,338.26,1.14,55.6,0.4,152.2,1.82,377,9.3,0.3,444.435,-1.19,3.3,20,5.4,0.0211
Sugarcane biochar ,Plant,Pristine,Pristine,700,1,7,0.14,26.53,0.74,9.49,0.5,152.2,1.82,377,9.3,1,228.29,3.32,9.6,20,7,0.0007
Sugarcane biochar ,Plant,Pristine,Pristine,800,1,7,0.12,34.38,0.88,5.18,0.5,152.2,1.82,377,9.3,1,228.29,3.32,9.6,20,7,0.0011
Sugarcane biochar ,Plant,Pristine,Pristine,900,1,7,0.11,602.52,0.96,3.96,0.5,152.2,1.82,377,9.3,1,228.29,3.32,9.6,20,7,0.0053
Sewage sludge,Sludge,Pristine,Pristine,300,2,10,0.520987654,14.4,0.929,7,0.2,152.2,1.82,377,9.3,0.12176,253.279,0.89,1.6,10.13116,3.4,0.0138
Sewage sludge,Sludge,Pristine,Pristine,400,2,10,0.573459716,18.5,0.919,6.5,0.2,152.2,1.82,377,9.3,0.12176,253.279,0.89,1.6,10.13116,3.4,0.0127
Sewage sludge,Sludge,Pristine,Pristine,500,2,10,0.634660422,13.7,1.02,9.2,0.2,152.2,1.82,377,9.3,0.12176,253.279,0.89,1.6,10.13116,3.4,0.0116
Sewage sludge,Sludge,Pristine,Pristine,600,2,10,0.526530612,19.7,1.04,6.4,0.2,152.2,1.82,377,9.3,0.12176,253.279,0.89,1.6,10.13116,3.4,0.0132
Sewage sludge,Sludge,Pristine,Pristine,700,2,10,0.489051095,28.4,1.06,6.2,0.2,152.2,1.82,377,9.3,0.12176,253.279,0.89,1.6,10.13116,3.4,0.0172
Sewage sludge,Sludge,Pristine,Pristine,800,2,10,0.593862816,28.7,1.09,8.36,0.2,152.2,1.82,377,9.3,0.12176,253.279,0.89,1.6,10.13116,3.4,0.077
Sewage sludge,Sludge,Pristine,Pristine,900,2,10,0.638146168,36.5,1.08,7.586666667,0.2,152.2,1.82,377,9.3,0.12176,253.279,0.89,1.6,10.13116,3.4,0.0056
sludge biochar,Sludge,Pristine,Pristine,700,2,5,0.829501916,47.28,0.97,90.63,0.5,152.2,1.82,377,9.3,0.1522,228.29,3.32,9.6,20,6.2,0.0082
sulfur sludge biochar,Sludge,Heteroatom,Pristine,700,2,5,0.656845754,83.02,0.96,7.34,0.5,152.2,1.82,377,9.3,0.1522,228.29,3.32,9.6,20,6.2,0.0252
sludge biochar,Sludge,Pristine,Pristine,700,2,5,0.829501916,47.28,0.97,90.63,0.5,192.11,2.08,92,-3.5,0.19211,228.29,3.32,9.6,20,6.2,0.0072
sulfur sludge biochar,Sludge,Heteroatom,Pristine,700,2,5,0.656845754,83.02,0.96,7.34,0.5,192.11,2.08,92,-3.5,0.19211,228.29,3.32,9.6,20,6.2,0.03
Fe pine BC,Plant,Metal,Pristine,900,2,5,0.168553459,303.2,0.51,15.5,0.06,192.11,2.08,92,-3.5,0.57633,253.279,0.89,1.6,10,5.4,0.08
corn cob BC,Plant,Acid,Pristine,800,2.5,5,0.352137767,416.1,1.021,6.71,0.2,192.11,2.08,92,-3.5,1,163,3.17,7.89,100,7,0.010333333
tangerine carps BC,Plant,Acid,Pristine,750,1.5,10,0.12325953,611.21,0.36,12.87,0.2,152.2,1.82,377,9.3,0.48704,94.11,1.46,9.99,50,6,0.031
tangerine carps BC,Plant,Acid,Pristine,800,1.5,10,0.120839033,855.04,0.42,19.05,0.2,152.2,1.82,377,9.3,0.48704,94.11,1.46,9.99,50,6,0.106
tangerine carps BC,Plant,Acid,Pristine,900,1.5,10,0.096210241,922.13,0.48,23.23,0.2,152.2,1.82,377,9.3,0.48704,94.11,1.46,9.99,50,6,0.557
epicarp tangerine BC,Plant,Acid,Pristine,900,1.5,10,0.143910144,245.66,0.4,9.87,0.2,152.2,1.82,377,9.3,0.48704,94.11,1.46,9.99,50,6,0.0051
Enteromorpha BC,Algae,Pristine,Pristine,400,2,10,0.667125803,28.32,0.82,5.2,0.05,192.11,2.08,92,-3.5,0.76844,253.279,0.89,1.6,5,6,0.005
activated Enteromorpha BC,Algae,Basic,Pristine,500,2,10,0.638581777,984.41,0.98,5.4,0.05,192.11,2.08,92,-3.5,0.76844,253.279,0.89,1.6,5,6,0.0116
activated Enteromorpha BC,Algae,Basic,Pristine,600,2,10,0.511952191,1156.1,0.99,5.5,0.05,192.11,2.08,92,-3.5,0.76844,253.279,0.89,1.6,5,6,0.0141
activated Enteromorpha BC,Algae,Basic,Pristine,700,2,10,0.289359316,2641.3,1.04,5.6,0.05,192.11,2.08,92,-3.5,0.76844,253.279,0.89,1.6,5,6,0.0146
activated Enteromorpha BC,Algae,Basic,Pristine,900,2,10,0.260077305,979.89,1.08,5.8,0.05,192.11,2.08,92,-3.5,0.76844,253.279,0.89,1.6,5,6,0.0201
sewage sludge BC,Sludge,Pristine,Pristine,300,2,10,0.455149502,93,0.929,7,1,192.11,2.08,92,-3.5,3.8422,144.17,2.7,9.51,288.34,7,0.0009
sewage sludge BC,Sludge,Pristine,Pristine,600,2,10,0.690566038,378,1.04,6.4,1,192.11,2.08,92,-3.5,3.8422,144.17,2.7,9.51,288.34,7,0.00208
sewage sludge BC,Sludge,Pristine,Pristine,800,2,10,0.393665158,216,2.51,8.36,1,192.11,2.08,92,-3.5,3.8422,144.17,2.7,9.51,288.34,7,0.0133
N reed BC,Plant,Heteroatom,Pristine,700,1.5,5,0.1473263,283.9,0.95,1.39,0.2,192.11,2.08,92,-3.5,0.38422,452.38,-4.56,11.5,50,7.4,0.232
N reed BC,Plant,Heteroatom,Pristine,800,1.5,5,0.110996327,351.3,0.98,2.53,0.2,192.11,2.08,92,-3.5,0.38422,452.38,-4.56,11.5,50,7.4,0.252
N reed BC,Plant,Heteroatom,Pristine,900,1.5,5,0.11916154,496.7,1.06,3.67,0.2,192.11,2.08,92,-3.5,0.38422,452.38,-4.56,11.5,50,7.4,0.288
N reed BC,Plant,Heteroatom,Pristine,900,1.5,5,0.11916154,496.7,1.06,3.67,0.2,192.11,2.08,92,-3.5,0.38422,94.11,1.46,9.99,50,7.4,0.206
N reed BC,Plant,Heteroatom,Pristine,900,1.5,5,0.11916154,496.7,1.06,3.67,0.2,192.11,2.08,92,-3.5,0.38422,253.279,0.89,1.6,50,7.4,0.214
N reed BC,Plant,Heteroatom,Pristine,900,1.5,5,0.11916154,496.7,1.06,3.67,0.2,192.11,2.08,92,-3.5,0.38422,228.29,3.32,9.6,50,7.4,0.184
sawdust BC,Plant,Pristine,Pristine,700,2,10,0.06,208.59,0.98,4.04,1.5,192.11,2.08,92,-3.5,1.72899,350.32,2.35,8.26,50,6,0.0174
Spirulina BC,Algae,Pristine,Pristine,400,2,15,0.231718898,67,0.91,11.8,0.5,192.11,2.08,92,-3.5,1.15266,253.279,0.89,1.6,20,6,0.0061
Spirulina BC,Algae,Pristine,Pristine,700,2,15,0.056231003,88.6,0.91,11.9,0.5,192.11,2.08,92,-3.5,1.15266,253.279,0.89,1.6,20,6,0.0459
Spirulina BC,Algae,Pristine,Pristine,900,2,15,0.029535865,117.9,0.85,12.7,0.5,192.11,2.08,92,-3.5,1.15266,253.279,0.89,1.6,20,6,0.075
Acid Spirulina BC,Algae,Acid,Pristine,900,2,15,0.107056614,370.1,0.79,15.4,0.5,192.11,2.08,92,-3.5,1.15266,253.279,0.89,1.6,20,6,0.143
Acid Spirulina BC,Algae,Acid,Pristine,900,2,15,0.107056614,370.1,0.79,15.4,0.5,192.11,2.08,92,-3.5,1.15266,94.11,1.46,9.99,20,6,0.351
Acid Spirulina BC,Algae,Acid,Pristine,900,2,15,0.107056614,370.1,0.79,15.4,0.5,192.11,2.08,92,-3.5,1.15266,228.29,3.32,9.6,20,6,0.294
Acid Spirulina BC,Algae,Acid,Pristine,900,2,15,0.107056614,370.1,0.79,15.4,0.5,192.11,2.08,92,-3.5,1.15266,452.38,-4.56,11.5,20,6,0.257
Acid Spirulina BC,Algae,Acid,Pristine,900,2,15,0.107056614,370.1,0.79,15.4,0.5,192.11,2.08,92,-3.5,1.15266,278.33,0.25,7.59,20,6,0.159
acid shrimp shell BC,Bone,Acid,Pristine,400,2,5,0.116507266,3.3,0.924,5.18,0.2,192.11,2.08,92,-3.5,0.5,163,3.17,7.89,100,5.82,0.00178
acid shrimp shell BC,Bone,Acid,Pristine,600,2,5,0.124473919,376,1.005,5.88,0.2,192.11,2.08,92,-3.5,0.5,163,3.17,7.89,100,5.82,0.0048
acid shrimp shell BC,Bone,Acid,Pristine,800,2,5,0.077407848,594,1.039,4.25,0.2,192.11,2.08,92,-3.5,0.5,163,3.17,7.89,100,5.82,0.05215
Bone BC,Bone,Pristine,Pristine,900,2,10,0.103265666,112,1.0189,47.14,0.1,192.11,2.08,92,-3.5,1,151.163,1.46,9.5,20,7,0.3111
Activated B Wheat straw BC,Plant,Acid,Heteroatom,900,2,5,0.399585261,1189.88,1.24,16.9,0.1,192.11,2.08,92,-3.5,0.19211,253.279,0.89,1.6,20,6.3,0.05
Rice straw BC,Plant,Pristine,Pristine,1000,4,5,0.078815589,172.3,1.03,5,1,152.2,1.82,377,9.3,0.6088,283.8,3.13,1.6,5,6,0.0223
N Rice straw BC,Plant,Heteroatom,Pristine,1000,4,5,0.087110401,158.3,1.01,6.8,1,152.2,1.82,377,9.3,0.6088,283.8,3.13,1.6,5,6,0.0238
S Rice straw BC,Plant,Heteroatom,Pristine,1000,4,5,0.049602959,105.6,0.91,5.1,1,152.2,1.82,377,9.3,0.6088,283.8,3.13,1.6,5,6,0.0184
NS Rice straw BC,Plant,Heteroatom,Heteroatom,1000,4,5,0.074648516,109.2,0.94,5.4,1,152.2,1.82,377,9.3,0.6088,283.8,3.13,1.6,5,6,0.019
Candida utilis BC,Algae,Pristine,Pristine,700,2,5,0.15470297,3.8,0.68,6.57,0.4,152.2,1.82,377,9.3,0.4,228.29,3.32,9.6,20,7,0.01
N Candida utilis BC,Algae,Heteroatom,Pristine,700,2,5,0.090515222,47.1,0.81,12.02,0.4,152.2,1.82,377,9.3,0.4,228.29,3.32,9.6,20,7,1.36
sludge BC,Sludge,Pristine,Pristine,800,3,5,0.775590551,37.6,0.85,5.7,0.2,152.2,1.82,377,9.3,0.25,479.02,1.95,3.2,20,3,0.0001
N sluge BC,Sludge,Heteroatom,Pristine,800,3,5,0.367047308,261.7,1.09,6.6,0.2,152.2,1.82,377,9.3,0.25,479.02,1.95,3.2,20,3,0.1048
sludge BC,Sludge,Pristine,Pristine,700,2,10,0.33882149,58.2,0.879,23,1.5,152.2,1.82,377,9.3,0.2283,253.279,0.89,1.6,5.06558,7,0.0038
Fe sludge BC,Sludge,Metal,Pristine,700,2,10,0.220392837,37.38,0.973,19,1.5,152.2,1.82,377,9.3,0.2283,253.279,0.89,1.6,5.06558,7,0.003
Sludge BC,Sludge,Pristine,Pristine,600,4,5,1.290909091,34.02,0.955,4.8,0.2,152.2,1.82,377,9.3,0.25,350.32,2.35,8.26,100,3.2,0.052
Sludge BC,Sludge,Pristine,Pristine,800,4,5,0.759152216,39.92,0.844,5.7,0.2,152.2,1.82,377,9.3,0.25,350.32,2.35,8.26,100,3.2,0.027
Activated sludge BC,Sludge,Acid,Acid,600,4,5,0.805327869,137.8,0.969,5.2,0.2,152.2,1.82,377,9.3,0.25,350.32,2.35,8.26,100,3.2,0.118
Activated sludge BC,Sludge,Acid,Acid,800,4,5,0.709497207,112.2,0.845,5.8,0.2,152.2,1.82,377,9.3,0.25,350.32,2.35,8.26,100,3.2,0.047
